numeric__Year,numeric__Mileage_Km,numeric__Engine_CC,numeric__Power_BHP,numeric__Previous_Owners,numeric__Accidents_Reported,numeric__Service_Score,numeric__Condition_Ordinal,nominal__Brand_Honda,nominal__Brand_Hyundai,nominal__Brand_Kia,nominal__Brand_Mahindra,nominal__Brand_Maruti,nominal__Brand_Renault,nominal__Brand_Skoda,nominal__Brand_Tata,nominal__Brand_Toyota,nominal__Brand_Volkswagen,nominal__Fuel_Type_CNG,nominal__Fuel_Type_Diesel,nominal__Fuel_Type_Electric,nominal__Fuel_Type_Petrol,nominal__Transmission_Automatic,nominal__Transmission_Manual,nominal__City_Ahmedabad,nominal__City_Bengaluru,nominal__City_Chandigarh,nominal__City_Delhi,nominal__City_Hyderabad,nominal__City_Jaipur,nominal__City_Kochi,nominal__City_Lucknow,nominal__City_Mumbai,nominal__City_Pune,nominal__Seller_Type_Certified Dealer,nominal__Seller_Type_Dealer,nominal__Seller_Type_Individual,Resale_Price_Lakh,Dataset_Split
0.37394546368068643,-0.07626898246640411,-0.42080680890956756,-0.6982206211827671,-0.7196673863344129,0.0,-0.43347630434916595,-0.31599431707886305,0.0,0.0,0.0,0.0,0.0,0.0,1.0,0.0,0.0,0.0,0.0,1.0,0.0,0.0,0.0,1.0,0.0,0.0,0.0,0.0,0.0,0.0,0.0,1.0,0.0,0.0,0.0,0.0,1.0,6.38,train
0.07539223058076494,0.48129420443725923,-1.0347937071889257,-0.09535186634842213,-0.7196673863344129,0.0,0.8188822792277033,-0.31599431707886305,0.0,0.0,0.0,0.0,0.0,0.0,0.0,0.0,1.0,0.0,0.0,1.0,0.0,0.0,1.0,0.0,0.0,0.0,1.0,0.0,0.0,0.0,0.0,0.0,0.0,0.0,0.0,0.0,1.0,4.83,train
0.37394546368068643,-0.8341687257034184,0.3041415770106383,1.246627169836505,0.6773340106676827,0.0,1.0693539959430771,0.7096921547508896,0.0,0.0,0.0,0.0,0.0,0.0,0.0,0.0,0.0,1.0,0.0,1.0,0.0,0.0,1.0,0.0,0.0,0.0,0.0,0.0,1.0,0.0,0.0,0.0,0.0,0.0,0.0,0.0,1.0,7.3,train
-0.22316100251915655,-0.043146128980602584,1.8403417281272652,-0.0170129886015859,2.0743354076697784,0.0,-0.9344197377799136,1.7353786265806423,0.0,0.0,0.0,0.0,0.0,0.0,0.0,1.0,0.0,0.0,0.0,0.0,0.0,1.0,0.0,1.0,0.0,0.0,0.0,0.0,0.0,0.0,0.0,1.0,0.0,0.0,0.0,0.0,1.0,3.82,test
-1.118820701818921,0.8403529155779014,0.8244276635043916,1.931240840580592,0.6773340106676827,0.0,0.5684105625123294,0.7096921547508896,0.0,0.0,0.0,0.0,0.0,0.0,0.0,1.0,0.0,0.0,0.0,0.0,0.0,1.0,1.0,0.0,1.0,0.0,0.0,0.0,0.0,0.0,0.0,0.0,0.0,0.0,0.0,1.0,0.0,1.93,train
-0.521714235619078,0.24009934332115931,-0.37888802468969174,0.17372514852114465,-0.7196673863344129,0.0,0.48491999027387145,1.7353786265806423,0.0,0.0,0.0,0.0,1.0,0.0,0.0,0.0,0.0,0.0,0.0,1.0,0.0,0.0,0.0,1.0,0.0,0.0,0.0,1.0,0.0,0.0,0.0,0.0,0.0,0.0,0.0,0.0,1.0,5.83,test
-1.4173739349188423,0.6092199572766279,-0.23587099617482118,0.07154400363396747,0.6773340106676827,0.0,-0.2664951598722501,-1.3416807889086158,0.0,0.0,1.0,0.0,0.0,0.0,0.0,0.0,0.0,0.0,0.0,1.0,0.0,0.0,0.0,1.0,0.0,0.0,0.0,0.0,1.0,0.0,0.0,0.0,0.0,0.0,0.0,0.0,1.0,1.2,test
-0.8202674687189995,0.9647308298525046,-0.29751626708640333,1.362432467375306,-0.7196673863344129,0.0,-0.9344197377799136,-1.3416807889086158,0.0,0.0,0.0,0.0,0.0,0.0,0.0,0.0,0.0,1.0,0.0,1.0,0.0,0.0,0.0,1.0,0.0,0.0,0.0,0.0,0.0,0.0,0.0,1.0,0.0,0.0,0.0,1.0,0.0,1.61,train
-1.4173739349188423,2.234915197326463,0.02303914165382379,0.13625872872917988,-0.7196673863344129,0.0,-0.8509291655414557,0.7096921547508896,1.0,0.0,0.0,0.0,0.0,0.0,0.0,0.0,0.0,0.0,0.0,1.0,0.0,0.0,0.0,1.0,0.0,0.0,0.0,1.0,0.0,0.0,0.0,0.0,0.0,0.0,1.0,0.0,0.0,1.2,test
0.6724986967806079,-0.2905060866190817,0.9181284752899964,-0.5347307893632842,-0.7196673863344129,0.0,-1.5188537434491192,0.7096921547508896,0.0,0.0,0.0,1.0,0.0,0.0,0.0,0.0,0.0,0.0,0.0,0.0,0.0,1.0,1.0,0.0,0.0,0.0,1.0,0.0,0.0,0.0,0.0,0.0,0.0,0.0,0.0,0.0,1.0,6.53,train
-0.22316100251915655,-0.057395644527611145,1.2436155057031502,0.5007048121601114,-0.7196673863344129,0.0,1.403316284896909,1.7353786265806423,0.0,0.0,0.0,0.0,1.0,0.0,0.0,0.0,0.0,0.0,0.0,0.0,0.0,1.0,1.0,0.0,0.0,0.0,0.0,0.0,0.0,0.0,0.0,1.0,0.0,0.0,0.0,0.0,1.0,4.92,train
0.37394546368068643,-0.5107628840742711,-0.743828028486258,-1.1614418113379705,-0.7196673863344129,0.0,1.152844568181535,-0.31599431707886305,1.0,0.0,0.0,0.0,0.0,0.0,0.0,0.0,0.0,0.0,0.0,0.0,0.0,1.0,1.0,0.0,0.0,0.0,0.0,0.0,1.0,0.0,0.0,0.0,0.0,0.0,0.0,1.0,0.0,5.91,train
-0.8202674687189995,-0.2308326051854867,-0.5293024857139521,0.6641946439795953,0.6773340106676827,0.0,-1.1848914544952875,-0.31599431707886305,0.0,0.0,0.0,0.0,0.0,0.0,0.0,0.0,0.0,1.0,0.0,0.0,0.0,1.0,0.0,1.0,0.0,0.0,0.0,1.0,0.0,0.0,0.0,0.0,0.0,0.0,0.0,1.0,0.0,1.92,train
-0.22316100251915655,0.009896965627037426,-0.5145076206951724,-0.3780530338696127,0.6773340106676827,0.0,0.48491999027387145,-0.31599431707886305,0.0,0.0,0.0,0.0,0.0,0.0,1.0,0.0,0.0,0.0,0.0,0.0,0.0,1.0,1.0,0.0,0.0,1.0,0.0,0.0,0.0,0.0,0.0,0.0,0.0,0.0,0.0,0.0,1.0,4.01,test
1.5681583960803722,-1.3578529623779696,0.9082652319441432,-0.044261293904833535,-0.7196673863344129,0.0,1.319825712658451,0.7096921547508896,0.0,0.0,0.0,0.0,0.0,1.0,0.0,0.0,0.0,0.0,0.0,1.0,0.0,0.0,0.0,1.0,0.0,0.0,0.0,0.0,0.0,0.0,0.0,1.0,0.0,0.0,0.0,0.0,1.0,9.06,train
-1.715927168018764,1.2705719625216658,-0.8227339752530831,-0.41211341549867175,2.0743354076697784,0.0,-1.3518725989722034,-0.31599431707886305,0.0,0.0,0.0,0.0,0.0,0.0,0.0,0.0,0.0,1.0,0.0,1.0,0.0,0.0,0.0,1.0,0.0,0.0,0.0,1.0,0.0,0.0,0.0,0.0,0.0,0.0,0.0,1.0,0.0,1.2,train
1.2696051629804508,-0.7539643096245416,0.013175898307970649,-0.34399265224055364,2.0743354076697784,0.0,0.9023728514661612,-1.3416807889086158,0.0,0.0,0.0,0.0,0.0,0.0,0.0,0.0,1.0,0.0,0.0,0.0,0.0,1.0,1.0,0.0,0.0,0.0,0.0,0.0,0.0,0.0,0.0,1.0,0.0,0.0,0.0,0.0,1.0,7.97,train
0.37394546368068643,-0.26453707155075795,0.7110003650270804,0.725503330911901,-0.7196673863344129,0.0,1.319825712658451,-0.31599431707886305,0.0,0.0,0.0,1.0,0.0,0.0,0.0,0.0,0.0,0.0,1.0,0.0,0.0,0.0,0.0,1.0,0.0,1.0,0.0,0.0,0.0,0.0,0.0,0.0,0.0,0.0,0.0,0.0,1.0,5.95,train
-0.22316100251915655,0.5953775707452481,-1.693165200524623,-0.5790092854810605,0.6773340106676827,0.0,0.15095770132003966,0.7096921547508896,0.0,0.0,0.0,0.0,0.0,0.0,0.0,1.0,0.0,0.0,0.0,0.0,0.0,1.0,0.0,1.0,0.0,0.0,0.0,0.0,1.0,0.0,0.0,0.0,0.0,0.0,0.0,0.0,1.0,2.65,train
-0.521714235619078,0.7116710659952221,0.664149959134278,-0.5653851328294376,0.6773340106676827,0.0,0.06746712908158173,-0.31599431707886305,1.0,0.0,0.0,0.0,0.0,0.0,0.0,0.0,0.0,0.0,0.0,0.0,0.0,1.0,1.0,0.0,0.0,1.0,0.0,0.0,0.0,0.0,0.0,0.0,0.0,0.0,0.0,1.0,0.0,4.02,test
-1.118820701818921,0.7596832091954488,-1.5427507395003623,-0.7424991173005443,-0.7196673863344129,0.0,1.5702974293738248,-0.31599431707886305,0.0,0.0,0.0,0.0,0.0,0.0,0.0,0.0,0.0,1.0,0.0,0.0,0.0,1.0,1.0,0.0,0.0,0.0,0.0,0.0,0.0,1.0,0.0,0.0,0.0,0.0,0.0,1.0,0.0,2.11,test
0.6724986967806079,-0.8136668717021102,0.37071846959514704,1.4033049253301766,2.0743354076697784,0.0,0.5684105625123294,-0.31599431707886305,0.0,0.0,0.0,0.0,0.0,0.0,0.0,0.0,1.0,0.0,0.0,1.0,0.0,0.0,0.0,1.0,1.0,0.0,0.0,0.0,0.0,0.0,0.0,0.0,0.0,0.0,0.0,1.0,0.0,8.19,train
1.2696051629804508,-1.7581189460290425,-0.7832810018696705,0.204379491987298,-0.7196673863344129,0.0,1.0693539959430771,1.7353786265806423,0.0,0.0,0.0,0.0,0.0,0.0,1.0,0.0,0.0,0.0,1.0,0.0,0.0,0.0,0.0,1.0,0.0,0.0,0.0,0.0,0.0,0.0,1.0,0.0,0.0,0.0,0.0,0.0,1.0,9.16,train
0.9710519298805294,-0.11471359379935372,-0.17422572526323904,-1.6995958410771037,0.6773340106676827,0.0,-1.6858348879260352,0.7096921547508896,0.0,0.0,0.0,0.0,0.0,0.0,1.0,0.0,0.0,0.0,0.0,1.0,0.0,0.0,1.0,0.0,0.0,0.0,0.0,0.0,1.0,0.0,0.0,0.0,0.0,0.0,0.0,0.0,1.0,7.35,train
-1.118820701818921,0.8958387842793143,-0.7019092442663821,0.9775501549669383,-0.7196673863344129,0.0,1.319825712658451,-2.3673672607383685,0.0,0.0,1.0,0.0,0.0,0.0,0.0,0.0,0.0,0.0,0.0,0.0,0.0,1.0,0.0,1.0,1.0,0.0,0.0,0.0,0.0,0.0,0.0,0.0,0.0,0.0,0.0,0.0,1.0,2.73,train
0.9710519298805294,-1.1265455202128551,0.44962441636197215,-0.7016266593456738,2.0743354076697784,0.0,-0.016023443156876222,-0.31599431707886305,0.0,0.0,0.0,0.0,0.0,0.0,0.0,1.0,0.0,0.0,0.0,1.0,0.0,0.0,0.0,1.0,0.0,1.0,0.0,0.0,0.0,0.0,0.0,0.0,0.0,0.0,1.0,0.0,0.0,6.85,train
0.9710519298805294,-0.20096678382471572,1.157312126426935,0.21119156831310942,0.6773340106676827,0.0,0.9858634237046191,-2.3673672607383685,0.0,0.0,0.0,0.0,0.0,1.0,0.0,0.0,0.0,0.0,0.0,1.0,0.0,0.0,1.0,0.0,0.0,0.0,1.0,0.0,0.0,0.0,0.0,0.0,0.0,0.0,0.0,0.0,1.0,5.87,test
-1.715927168018764,0.7300500329864658,0.1882484676968639,0.39511762911002857,-0.7196673863344129,0.0,-0.5169668765876239,-0.31599431707886305,0.0,0.0,1.0,0.0,0.0,0.0,0.0,0.0,0.0,0.0,0.0,1.0,0.0,0.0,1.0,0.0,0.0,0.0,0.0,1.0,0.0,0.0,0.0,0.0,0.0,0.0,0.0,1.0,0.0,1.2,train
-1.118820701818921,0.6676720516633364,-0.5465631615691952,-0.8276500713731919,-0.7196673863344129,0.0,-0.2664951598722501,0.7096921547508896,0.0,0.0,0.0,0.0,0.0,0.0,1.0,0.0,0.0,0.0,1.0,0.0,0.0,0.0,0.0,1.0,1.0,0.0,0.0,0.0,0.0,0.0,0.0,0.0,0.0,0.0,0.0,0.0,1.0,1.81,train
0.6724986967806079,-0.7633573576279779,-0.5909477566255342,-0.12600620981457547,-0.7196673863344129,0.0,0.7353917069892453,-1.3416807889086158,0.0,0.0,0.0,0.0,0.0,0.0,0.0,1.0,0.0,0.0,1.0,0.0,0.0,0.0,0.0,1.0,0.0,0.0,0.0,1.0,0.0,0.0,0.0,0.0,0.0,0.0,0.0,1.0,0.0,6.78,train
-0.22316100251915655,-0.2372594275036273,0.14386387264052478,0.7629697507038659,-0.7196673863344129,0.0,0.6519011347507874,0.7096921547508896,0.0,0.0,0.0,0.0,0.0,0.0,0.0,0.0,1.0,0.0,0.0,0.0,0.0,1.0,0.0,1.0,1.0,0.0,0.0,0.0,0.0,0.0,0.0,0.0,0.0,0.0,0.0,1.0,0.0,6.51,train
0.07539223058076494,-0.2617744103732767,0.9452523944910926,0.807248246821643,0.6773340106676827,0.0,-0.18300458763379213,-0.31599431707886305,0.0,0.0,0.0,0.0,0.0,0.0,0.0,1.0,0.0,0.0,0.0,0.0,0.0,1.0,0.0,1.0,0.0,0.0,0.0,0.0,0.0,1.0,0.0,0.0,0.0,0.0,0.0,1.0,0.0,4.45,train
-1.118820701818921,1.0911734698492255,1.1597779372633983,-0.7731534607666977,0.6773340106676827,0.0,-0.7674385933029977,0.7096921547508896,0.0,0.0,0.0,0.0,0.0,0.0,0.0,1.0,0.0,0.0,0.0,1.0,0.0,0.0,0.0,1.0,1.0,0.0,0.0,0.0,0.0,0.0,0.0,0.0,0.0,0.0,0.0,0.0,1.0,1.34,train
-0.521714235619078,0.6638043260148627,0.3411287395575876,-0.2486235836791879,-0.7196673863344129,0.0,-1.5188537434491192,-0.31599431707886305,0.0,0.0,0.0,0.0,0.0,0.0,1.0,0.0,0.0,0.0,0.0,1.0,0.0,0.0,0.0,1.0,0.0,0.0,0.0,0.0,1.0,0.0,0.0,0.0,0.0,0.0,0.0,0.0,1.0,3.9,train
-1.118820701818921,0.7750668698574233,-1.1728791140308696,-0.4700160642680718,2.0743354076697784,0.0,1.6537880016122828,-0.31599431707886305,0.0,0.0,0.0,0.0,0.0,0.0,0.0,1.0,0.0,0.0,0.0,0.0,0.0,1.0,0.0,1.0,0.0,0.0,0.0,0.0,0.0,0.0,1.0,0.0,0.0,0.0,0.0,0.0,1.0,1.25,train
0.9710519298805294,-0.6580854264439555,0.04769725001845664,0.320184789526098,0.6773340106676827,0.0,-1.1014008822568295,0.7096921547508896,0.0,0.0,0.0,0.0,0.0,0.0,0.0,0.0,0.0,1.0,0.0,0.0,0.0,1.0,0.0,1.0,0.0,0.0,0.0,0.0,0.0,1.0,0.0,0.0,0.0,0.0,0.0,1.0,0.0,9.05,test
0.07539223058076494,0.02417556181801947,-0.15943086024445932,0.49729877399720573,-0.7196673863344129,0.0,-1.1848914544952875,-0.31599431707886305,0.0,0.0,1.0,0.0,0.0,0.0,0.0,0.0,0.0,0.0,0.0,1.0,0.0,0.0,1.0,0.0,1.0,0.0,0.0,0.0,0.0,0.0,0.0,0.0,0.0,0.0,0.0,0.0,1.0,5.39,train
1.2696051629804508,0.4581750924783372,-1.781934390637301,-1.488421474976938,-0.7196673863344129,0.0,-1.1848914544952875,-0.31599431707886305,0.0,0.0,1.0,0.0,0.0,0.0,0.0,0.0,0.0,0.0,0.0,1.0,0.0,0.0,1.0,0.0,0.0,0.0,0.0,0.0,0.0,1.0,0.0,0.0,0.0,0.0,0.0,0.0,1.0,8.26,train
1.2696051629804508,0.11275520336126041,1.2362180731937602,0.8174663613103611,-0.7196673863344129,1.0,0.9858634237046191,-0.31599431707886305,0.0,0.0,0.0,1.0,0.0,0.0,0.0,0.0,0.0,0.0,0.0,0.0,0.0,1.0,1.0,0.0,0.0,0.0,0.0,0.0,0.0,0.0,0.0,0.0,1.0,0.0,0.0,1.0,0.0,6.4,test
-1.715927168018764,1.345425540109421,-0.7857468127061338,0.725503330911901,0.6773340106676827,1.0,-0.6839480210645398,-1.3416807889086158,0.0,0.0,1.0,0.0,0.0,0.0,0.0,0.0,0.0,0.0,0.0,0.0,0.0,1.0,1.0,0.0,0.0,0.0,0.0,0.0,0.0,0.0,0.0,0.0,1.0,0.0,0.0,1.0,0.0,1.2,test
-0.521714235619078,0.4523589636836398,-1.5698746587014585,-0.11578809532585738,-0.7196673863344129,0.0,-0.18300458763379213,-1.3416807889086158,1.0,0.0,0.0,0.0,0.0,0.0,0.0,0.0,0.0,0.0,0.0,0.0,0.0,1.0,0.0,1.0,0.0,0.0,0.0,0.0,1.0,0.0,0.0,0.0,0.0,0.0,1.0,0.0,0.0,3.79,train
0.6724986967806079,0.023215900566894404,1.2288206406843702,1.6110732532674366,-0.7196673863344129,0.0,0.9858634237046191,1.7353786265806423,0.0,0.0,1.0,0.0,0.0,0.0,0.0,0.0,0.0,0.0,0.0,0.0,0.0,1.0,0.0,1.0,0.0,0.0,0.0,0.0,0.0,0.0,1.0,0.0,0.0,0.0,0.0,0.0,1.0,8.77,train
-1.4173739349188423,1.1058882756998099,0.8885387452524369,0.6165101096989124,-0.7196673863344129,0.0,-0.5169668765876239,-0.31599431707886305,0.0,0.0,0.0,0.0,0.0,1.0,0.0,0.0,0.0,0.0,0.0,0.0,0.0,1.0,0.0,1.0,0.0,0.0,0.0,0.0,0.0,0.0,0.0,1.0,0.0,0.0,0.0,1.0,0.0,1.2,train
-1.118820701818921,0.3604350480834479,-0.4282042414189574,-1.2023142692928417,-0.7196673863344129,0.0,0.6519011347507874,-0.31599431707886305,0.0,0.0,0.0,0.0,0.0,0.0,1.0,0.0,0.0,0.0,0.0,0.0,1.0,0.0,0.0,1.0,0.0,0.0,0.0,0.0,0.0,0.0,1.0,0.0,0.0,0.0,0.0,1.0,0.0,3.4,train
0.6724986967806079,-1.3993801219721087,-1.7128916872163291,-0.3780530338696127,-0.7196673863344129,0.0,-0.349985732110708,-0.31599431707886305,0.0,1.0,0.0,0.0,0.0,0.0,0.0,0.0,0.0,0.0,0.0,0.0,0.0,1.0,0.0,1.0,0.0,0.0,0.0,0.0,0.0,1.0,0.0,0.0,0.0,0.0,0.0,0.0,1.0,6.39,train
1.2696051629804508,-0.7816781633312746,2.4913157889535724,1.7370966652949558,-0.7196673863344129,0.0,-0.8509291655414557,-0.31599431707886305,0.0,0.0,0.0,0.0,0.0,0.0,0.0,0.0,1.0,0.0,0.0,1.0,0.0,0.0,0.0,1.0,0.0,0.0,0.0,1.0,0.0,0.0,0.0,0.0,0.0,0.0,0.0,0.0,1.0,9.13,test
1.2696051629804508,-1.261654192113675,-0.00901639922019892,0.9298656206862554,-0.7196673863344129,0.0,1.236335140419993,1.7353786265806423,0.0,0.0,0.0,0.0,0.0,0.0,0.0,0.0,0.0,1.0,0.0,0.0,0.0,1.0,1.0,0.0,0.0,0.0,0.0,1.0,0.0,0.0,0.0,0.0,0.0,0.0,1.0,0.0,0.0,8.95,test
0.37394546368068643,-1.0502088297824521,0.9304575294723129,1.4543954977737652,-0.7196673863344129,0.0,0.6519011347507874,0.7096921547508896,0.0,1.0,0.0,0.0,0.0,0.0,0.0,0.0,0.0,0.0,0.0,0.0,0.0,1.0,1.0,0.0,1.0,0.0,0.0,0.0,0.0,0.0,0.0,0.0,0.0,0.0,0.0,1.0,0.0,7.4,train
-0.521714235619078,-0.06591627321184279,0.5285303631287973,0.7527516362151487,-0.7196673863344129,0.0,-1.769325460164493,1.7353786265806423,0.0,0.0,0.0,0.0,0.0,0.0,0.0,0.0,0.0,1.0,0.0,0.0,0.0,1.0,1.0,0.0,0.0,0.0,0.0,0.0,0.0,1.0,0.0,0.0,0.0,0.0,0.0,0.0,1.0,5.46,test
0.07539223058076494,0.2339633274427536,-0.8646527594729589,-1.0967270862427587,2.0743354076697784,0.0,-0.6004574488260819,-0.31599431707886305,1.0,0.0,0.0,0.0,0.0,0.0,0.0,0.0,0.0,0.0,0.0,1.0,0.0,0.0,1.0,0.0,0.0,0.0,0.0,0.0,0.0,0.0,0.0,0.0,0.0,1.0,0.0,0.0,1.0,4.35,train
-0.521714235619078,0.08352915616790613,0.16112454849576777,0.1396647668920856,-0.7196673863344129,0.0,0.6519011347507874,-1.3416807889086158,0.0,0.0,0.0,0.0,0.0,0.0,1.0,0.0,0.0,0.0,0.0,0.0,0.0,1.0,0.0,1.0,0.0,0.0,0.0,0.0,0.0,0.0,0.0,0.0,0.0,1.0,0.0,1.0,0.0,2.03,train
-0.521714235619078,0.9204991703688311,-1.781934390637301,-0.8140259187215682,0.6773340106676827,0.0,1.0693539959430771,0.7096921547508896,0.0,0.0,0.0,0.0,0.0,0.0,0.0,0.0,0.0,1.0,0.0,0.0,0.0,1.0,0.0,1.0,0.0,0.0,0.0,0.0,0.0,0.0,0.0,0.0,0.0,1.0,0.0,1.0,0.0,2.82,test
0.07539223058076494,-0.0815616596695787,0.4446927946890456,-1.1546297350121588,0.6773340106676827,0.0,0.5684105625123294,-0.31599431707886305,0.0,0.0,0.0,0.0,0.0,0.0,0.0,0.0,1.0,0.0,0.0,0.0,0.0,1.0,0.0,1.0,1.0,0.0,0.0,0.0,0.0,0.0,0.0,0.0,0.0,0.0,0.0,0.0,1.0,5.07,train
0.37394546368068643,-0.6889690703437985,-1.5698746587014585,-0.6641602395537081,2.0743354076697784,0.0,-1.0179103100183715,-0.31599431707886305,0.0,0.0,0.0,0.0,0.0,0.0,0.0,0.0,0.0,1.0,0.0,1.0,0.0,0.0,0.0,1.0,0.0,1.0,0.0,0.0,0.0,0.0,0.0,0.0,0.0,0.0,0.0,0.0,1.0,5.66,train
0.37394546368068643,-0.6031230093340654,0.33373130704819776,-0.28268396530824696,2.0743354076697784,0.0,0.4014294180354135,1.7353786265806423,0.0,0.0,0.0,0.0,0.0,0.0,0.0,1.0,0.0,0.0,1.0,0.0,0.0,0.0,0.0,1.0,0.0,0.0,0.0,0.0,0.0,0.0,1.0,0.0,0.0,0.0,1.0,0.0,0.0,6.92,train
1.2696051629804508,-0.7638517285755272,0.7923721226303688,0.054513812819437936,-0.7196673863344129,0.0,-1.6858348879260352,-0.31599431707886305,0.0,0.0,0.0,0.0,0.0,1.0,0.0,0.0,0.0,0.0,0.0,0.0,0.0,1.0,0.0,1.0,0.0,0.0,0.0,0.0,0.0,0.0,1.0,0.0,0.0,0.0,0.0,1.0,0.0,7.95,train
0.07539223058076494,0.6628446647637376,-1.5378191178274359,-1.372616177438137,0.6773340106676827,0.0,0.23444827355849762,1.7353786265806423,0.0,1.0,0.0,0.0,0.0,0.0,0.0,0.0,0.0,0.0,0.0,1.0,0.0,0.0,1.0,0.0,0.0,0.0,0.0,0.0,1.0,0.0,0.0,0.0,0.0,0.0,0.0,0.0,1.0,4.32,train
0.9710519298805294,-0.9609021721398741,1.5074572652047216,1.8018113903901671,0.6773340106676827,0.0,-0.5169668765876239,-0.31599431707886305,0.0,0.0,0.0,0.0,0.0,1.0,0.0,0.0,0.0,0.0,0.0,0.0,0.0,1.0,0.0,1.0,0.0,0.0,0.0,0.0,0.0,0.0,0.0,1.0,0.0,0.0,0.0,1.0,0.0,7.12,train
-0.22316100251915655,0.010362255930613216,-1.1827423573767228,-2.3876155499840968,0.6773340106676827,2.0,0.23444827355849762,0.7096921547508896,0.0,0.0,0.0,0.0,0.0,0.0,0.0,0.0,1.0,0.0,0.0,0.0,1.0,0.0,1.0,0.0,0.0,0.0,0.0,0.0,0.0,1.0,0.0,0.0,0.0,0.0,1.0,0.0,0.0,4.86,test
-1.715927168018764,1.768752474431469,2.3778884904762614,2.384243916247078,-0.7196673863344129,0.0,0.4014294180354135,-0.31599431707886305,0.0,0.0,0.0,0.0,0.0,0.0,0.0,0.0,0.0,1.0,0.0,1.0,0.0,0.0,0.0,1.0,0.0,0.0,0.0,0.0,0.0,1.0,0.0,0.0,0.0,0.0,0.0,0.0,1.0,1.2,train
0.07539223058076494,-0.9758205424982728,1.4260855076014332,1.6485396730594013,3.471336804671874,0.0,-1.769325460164493,-2.3673672607383685,0.0,0.0,0.0,0.0,0.0,0.0,1.0,0.0,0.0,0.0,0.0,1.0,0.0,0.0,0.0,1.0,0.0,0.0,0.0,0.0,0.0,0.0,0.0,0.0,1.0,0.0,0.0,0.0,1.0,4.21,test
0.9710519298805294,-0.3256064238950804,-0.3147769429416463,-0.16687866776944596,2.0743354076697784,1.0,-1.5188537434491192,0.7096921547508896,0.0,0.0,0.0,0.0,0.0,0.0,0.0,0.0,0.0,1.0,0.0,1.0,0.0,0.0,0.0,1.0,0.0,0.0,0.0,0.0,0.0,0.0,0.0,1.0,0.0,0.0,0.0,1.0,0.0,6.55,test
-0.8202674687189995,-0.21440204134046664,-1.0964389781005077,0.7629697507038659,3.471336804671874,0.0,-1.769325460164493,-0.31599431707886305,0.0,0.0,0.0,0.0,0.0,0.0,0.0,0.0,1.0,0.0,0.0,1.0,0.0,0.0,0.0,1.0,0.0,0.0,0.0,0.0,0.0,1.0,0.0,0.0,0.0,0.0,1.0,0.0,0.0,2.28,test
0.37394546368068643,-0.4860734173407808,-1.1136996539557509,-1.3760222156010427,-0.7196673863344129,2.0,0.23444827355849762,0.7096921547508896,0.0,0.0,0.0,0.0,0.0,0.0,0.0,1.0,0.0,0.0,0.0,0.0,0.0,1.0,1.0,0.0,0.0,0.0,0.0,0.0,1.0,0.0,0.0,0.0,0.0,0.0,0.0,0.0,1.0,4.78,test
-0.521714235619078,1.1809454177953793,-1.2246611415965987,-0.4597979497793537,0.6773340106676827,0.0,1.6537880016122828,-1.3416807889086158,0.0,0.0,0.0,0.0,0.0,0.0,1.0,0.0,0.0,0.0,0.0,0.0,0.0,1.0,1.0,0.0,0.0,0.0,0.0,0.0,0.0,1.0,0.0,0.0,0.0,0.0,1.0,0.0,0.0,2.66,train
-1.118820701818921,0.6148034409195374,0.5803123906945263,1.9755193366983692,0.6773340106676827,0.0,-1.3518725989722034,1.7353786265806423,0.0,1.0,0.0,0.0,0.0,0.0,0.0,0.0,0.0,0.0,0.0,0.0,0.0,1.0,0.0,1.0,0.0,0.0,0.0,0.0,0.0,0.0,1.0,0.0,0.0,0.0,0.0,1.0,0.0,2.62,train
0.37394546368068643,-0.7368067296801843,0.05016306085491993,-0.49385833140841273,-0.7196673863344129,0.0,-1.852816032402951,-0.31599431707886305,0.0,0.0,1.0,0.0,0.0,0.0,0.0,0.0,0.0,0.0,0.0,1.0,0.0,0.0,1.0,0.0,0.0,0.0,0.0,0.0,1.0,0.0,0.0,0.0,0.0,0.0,0.0,0.0,1.0,4.93,train
0.6724986967806079,-0.44253969331247095,-0.34190086214274246,0.16010099586952084,-0.7196673863344129,1.0,1.5702974293738248,0.7096921547508896,0.0,0.0,0.0,0.0,0.0,1.0,0.0,0.0,0.0,0.0,0.0,1.0,0.0,0.0,1.0,0.0,0.0,0.0,1.0,0.0,0.0,0.0,0.0,0.0,0.0,0.0,0.0,0.0,1.0,6.12,test
-1.4173739349188423,1.5282555487707328,1.6134871311726429,0.6131040715360068,-0.7196673863344129,0.0,-0.5169668765876239,-0.31599431707886305,0.0,0.0,0.0,0.0,1.0,0.0,0.0,0.0,0.0,0.0,0.0,0.0,0.0,1.0,1.0,0.0,0.0,0.0,0.0,0.0,0.0,1.0,0.0,0.0,0.0,0.0,0.0,0.0,1.0,1.62,train
-0.521714235619078,0.22992111793043893,-1.781934390637301,-3.1539741366379257,0.6773340106676827,0.0,0.9023728514661612,1.7353786265806423,0.0,0.0,0.0,0.0,1.0,0.0,0.0,0.0,0.0,0.0,0.0,0.0,0.0,1.0,1.0,0.0,1.0,0.0,0.0,0.0,0.0,0.0,0.0,0.0,0.0,0.0,0.0,0.0,1.0,2.68,test
1.2696051629804508,-0.054778386569997325,-0.6895801900840657,-0.1873148967468812,-0.7196673863344129,0.0,-1.1014008822568295,-1.3416807889086158,0.0,0.0,0.0,1.0,0.0,0.0,0.0,0.0,0.0,0.0,0.0,1.0,0.0,0.0,0.0,1.0,0.0,0.0,0.0,0.0,0.0,0.0,0.0,0.0,0.0,1.0,1.0,0.0,0.0,7.63,train
0.9710519298805294,0.3213215819391081,-0.7512254609956478,0.4768625450197705,-0.7196673863344129,0.0,1.152844568181535,-2.3673672607383685,1.0,0.0,0.0,0.0,0.0,0.0,0.0,0.0,0.0,0.0,0.0,1.0,0.0,0.0,1.0,0.0,0.0,0.0,0.0,0.0,0.0,0.0,0.0,1.0,0.0,0.0,0.0,1.0,0.0,7.59,train
-0.8202674687189995,0.815721610132358,1.4137564534191167,1.0899494143428337,-0.7196673863344129,0.0,1.5702974293738248,1.7353786265806423,0.0,0.0,0.0,1.0,0.0,0.0,0.0,0.0,0.0,0.0,0.0,1.0,0.0,0.0,1.0,0.0,0.0,0.0,0.0,1.0,0.0,0.0,0.0,0.0,0.0,0.0,0.0,0.0,1.0,3.36,train
-1.715927168018764,1.480010760418718,-0.8079391102343034,-0.18050282042106977,-0.7196673863344129,1.0,-0.09951401539533417,0.7096921547508896,1.0,0.0,0.0,0.0,0.0,0.0,0.0,0.0,0.0,0.0,0.0,1.0,0.0,0.0,0.0,1.0,0.0,0.0,0.0,0.0,0.0,0.0,0.0,1.0,0.0,0.0,0.0,1.0,0.0,1.2,test
-1.715927168018764,2.369471336991787,2.8094053868573363,1.8767442299740977,-0.7196673863344129,0.0,0.4014294180354135,0.7096921547508896,0.0,0.0,0.0,0.0,0.0,0.0,0.0,0.0,0.0,1.0,0.0,0.0,0.0,1.0,0.0,1.0,0.0,0.0,0.0,0.0,0.0,0.0,1.0,0.0,0.0,0.0,0.0,1.0,0.0,1.2,train
-1.4173739349188423,2.0532774950680643,-1.1210970864651406,-0.7697474226037915,2.0743354076697784,0.0,-0.2664951598722501,1.7353786265806423,0.0,0.0,0.0,0.0,0.0,0.0,0.0,0.0,1.0,0.0,0.0,0.0,0.0,1.0,1.0,0.0,0.0,0.0,0.0,0.0,0.0,0.0,1.0,0.0,0.0,0.0,0.0,1.0,0.0,2.22,train
0.37394546368068643,-1.3413060759570554,-0.03614031842129506,0.4734565068568638,2.0743354076697784,0.0,-1.0179103100183715,1.7353786265806423,0.0,0.0,0.0,0.0,0.0,0.0,1.0,0.0,0.0,0.0,0.0,0.0,0.0,1.0,0.0,1.0,0.0,0.0,0.0,0.0,0.0,0.0,0.0,0.0,0.0,1.0,0.0,0.0,1.0,7.39,train
1.5681583960803722,-1.958019292702791,1.4186880750920434,1.3556203910494937,-0.7196673863344129,0.0,-1.2683820267337453,0.7096921547508896,1.0,0.0,0.0,0.0,0.0,0.0,0.0,0.0,0.0,0.0,0.0,1.0,0.0,0.0,0.0,1.0,0.0,0.0,0.0,0.0,0.0,0.0,0.0,1.0,0.0,0.0,0.0,0.0,1.0,9.81,test
0.9710519298805294,0.20822695752621773,-0.6279349191724836,-0.4018953010099537,-0.7196673863344129,0.0,1.403316284896909,-2.3673672607383685,0.0,0.0,1.0,0.0,0.0,0.0,0.0,0.0,0.0,0.0,0.0,0.0,0.0,1.0,1.0,0.0,0.0,0.0,0.0,1.0,0.0,0.0,0.0,0.0,0.0,0.0,0.0,1.0,0.0,6.49,train
-0.521714235619078,0.10888747771278666,1.3151240199605854,-0.39508322468414225,0.6773340106676827,0.0,-1.852816032402951,-0.31599431707886305,0.0,0.0,0.0,0.0,0.0,0.0,0.0,0.0,1.0,0.0,0.0,1.0,0.0,0.0,1.0,0.0,0.0,0.0,0.0,0.0,1.0,0.0,0.0,0.0,0.0,0.0,0.0,1.0,0.0,3.03,train
0.07539223058076494,-0.11357944868438774,0.3583894154128306,0.8038422086587372,-0.7196673863344129,0.0,-1.6023443156875772,0.7096921547508896,0.0,0.0,0.0,0.0,1.0,0.0,0.0,0.0,0.0,0.0,0.0,0.0,0.0,1.0,1.0,0.0,0.0,0.0,0.0,0.0,0.0,0.0,0.0,1.0,0.0,0.0,0.0,1.0,0.0,3.24,train
-0.22316100251915655,0.05526277022567691,-0.6698537033923594,0.7323154072377135,-0.7196673863344129,0.0,-0.8509291655414557,-0.31599431707886305,0.0,1.0,0.0,0.0,0.0,0.0,0.0,0.0,0.0,0.0,0.0,0.0,0.0,1.0,0.0,1.0,0.0,0.0,1.0,0.0,0.0,0.0,0.0,0.0,0.0,0.0,0.0,0.0,1.0,3.49,train
0.6724986967806079,0.15535834678241864,-1.5624772261920687,-2.026575504716071,-0.7196673863344129,0.0,0.48491999027387145,0.7096921547508896,0.0,0.0,0.0,0.0,0.0,1.0,0.0,0.0,0.0,0.0,0.0,0.0,0.0,1.0,0.0,1.0,0.0,0.0,0.0,0.0,1.0,0.0,0.0,0.0,0.0,0.0,0.0,0.0,1.0,5.02,train
0.9710519298805294,-0.9011123681303851,0.5063380656006278,0.020453431190378873,-0.7196673863344129,0.0,0.06746712908158173,1.7353786265806423,0.0,0.0,0.0,0.0,0.0,0.0,0.0,0.0,1.0,0.0,0.0,0.0,0.0,1.0,1.0,0.0,0.0,0.0,0.0,0.0,0.0,0.0,0.0,0.0,1.0,0.0,1.0,0.0,0.0,9.31,train
-0.521714235619078,0.6660435356008212,-1.781934390637301,-1.9039581308514582,-0.7196673863344129,0.0,-1.6023443156875772,-0.31599431707886305,0.0,0.0,0.0,0.0,0.0,0.0,0.0,1.0,0.0,0.0,0.0,0.0,1.0,0.0,1.0,0.0,0.0,0.0,0.0,0.0,0.0,0.0,0.0,0.0,0.0,1.0,0.0,0.0,1.0,3.36,train
1.2696051629804508,-2.0830660617887844,-0.5490289724056584,1.0456709182250563,0.6773340106676827,0.0,-1.0179103100183715,1.7353786265806423,0.0,0.0,0.0,0.0,0.0,0.0,0.0,0.0,0.0,1.0,0.0,0.0,0.0,1.0,0.0,1.0,1.0,0.0,0.0,0.0,0.0,0.0,0.0,0.0,0.0,0.0,1.0,0.0,0.0,8.8,test
1.5681583960803722,-1.7327897051281356,-0.3862854571990816,0.0374836220049084,-0.7196673863344129,0.0,-0.9344197377799136,-0.31599431707886305,0.0,0.0,0.0,1.0,0.0,0.0,0.0,0.0,0.0,0.0,0.0,1.0,0.0,0.0,0.0,1.0,0.0,0.0,0.0,0.0,1.0,0.0,0.0,0.0,0.0,0.0,0.0,1.0,0.0,9.07,train
-0.8202674687189995,0.34063112953750335,-1.1901397898861126,-0.9707036742152401,2.0743354076697784,0.0,-1.6023443156875772,-2.3673672607383685,0.0,0.0,0.0,0.0,0.0,0.0,1.0,0.0,0.0,0.0,0.0,0.0,0.0,1.0,0.0,1.0,0.0,0.0,0.0,0.0,0.0,0.0,0.0,1.0,0.0,0.0,0.0,0.0,1.0,1.2,train
-0.521714235619078,0.8746099141786688,0.7997695551397587,0.34402705666643996,-0.7196673863344129,0.0,0.3179388457969556,-0.31599431707886305,0.0,0.0,0.0,0.0,1.0,0.0,0.0,0.0,0.0,0.0,0.0,0.0,0.0,1.0,0.0,1.0,0.0,0.0,0.0,0.0,0.0,0.0,0.0,0.0,0.0,1.0,0.0,1.0,0.0,2.96,train
0.6724986967806079,-0.22900052461515705,0.7381242842281766,-0.8344621476990038,-0.7196673863344129,0.0,-0.9344197377799136,1.7353786265806423,0.0,0.0,0.0,0.0,1.0,0.0,0.0,0.0,0.0,0.0,0.0,1.0,0.0,0.0,0.0,1.0,0.0,0.0,1.0,0.0,0.0,0.0,0.0,0.0,0.0,0.0,0.0,0.0,1.0,6.0,train
1.5681583960803722,-1.3454064467573172,-0.060798426785927916,0.773187865192584,2.0743354076697784,0.0,1.0693539959430771,-0.31599431707886305,0.0,1.0,0.0,0.0,0.0,0.0,0.0,0.0,0.0,0.0,0.0,0.0,1.0,0.0,0.0,1.0,0.0,0.0,0.0,0.0,0.0,0.0,0.0,0.0,0.0,1.0,0.0,0.0,1.0,9.93,test
1.2696051629804508,-0.32441411749216736,1.4334829401108231,1.6962242073400844,0.6773340106676827,0.0,-0.5169668765876239,-1.3416807889086158,0.0,0.0,1.0,0.0,0.0,0.0,0.0,0.0,0.0,0.0,0.0,0.0,0.0,1.0,0.0,1.0,0.0,0.0,1.0,0.0,0.0,0.0,0.0,0.0,0.0,0.0,0.0,0.0,1.0,7.44,train
1.5681583960803722,-0.6522692976492581,0.7233294192093969,-0.11238205716295166,-0.7196673863344129,0.0,-0.016023443156876222,0.7096921547508896,0.0,0.0,0.0,0.0,1.0,0.0,0.0,0.0,0.0,0.0,0.0,0.0,0.0,1.0,1.0,0.0,0.0,0.0,0.0,0.0,0.0,0.0,0.0,1.0,0.0,0.0,0.0,0.0,1.0,7.84,train
-0.22316100251915655,-1.0435784429564972,0.7997695551397587,-0.6641602395537081,-0.7196673863344129,0.0,0.7353917069892453,-2.3673672607383685,0.0,0.0,1.0,0.0,0.0,0.0,0.0,0.0,0.0,0.0,0.0,1.0,0.0,0.0,0.0,1.0,0.0,0.0,0.0,0.0,1.0,0.0,0.0,0.0,0.0,0.0,0.0,1.0,0.0,4.6,train
-0.8202674687189995,0.09391094606644093,2.131307406829933,1.2500332079994108,-0.7196673863344129,2.0,0.9858634237046191,0.7096921547508896,0.0,0.0,0.0,0.0,0.0,0.0,0.0,1.0,0.0,0.0,0.0,1.0,0.0,0.0,0.0,1.0,0.0,0.0,0.0,0.0,0.0,0.0,1.0,0.0,0.0,0.0,0.0,0.0,1.0,2.87,test
0.07539223058076494,-0.8731949499158377,0.8959361777618268,2.200317855450159,-0.7196673863344129,0.0,-1.0179103100183715,1.7353786265806423,0.0,1.0,0.0,0.0,0.0,0.0,0.0,0.0,0.0,0.0,0.0,0.0,0.0,1.0,0.0,1.0,0.0,1.0,0.0,0.0,0.0,0.0,0.0,0.0,0.0,0.0,0.0,0.0,1.0,5.84,train
-1.4173739349188423,1.7294645244232882,-1.3208277642186668,-0.1873148967468812,-0.7196673863344129,0.0,-1.5188537434491192,0.7096921547508896,0.0,0.0,0.0,1.0,0.0,0.0,0.0,0.0,0.0,0.0,0.0,1.0,0.0,0.0,1.0,0.0,0.0,0.0,0.0,0.0,0.0,0.0,0.0,0.0,1.0,0.0,0.0,0.0,1.0,1.2,train
1.2696051629804508,-1.2310322740095934,1.4630726701483825,0.4087417817616524,0.6773340106676827,0.0,0.06746712908158173,1.7353786265806423,0.0,0.0,0.0,0.0,1.0,0.0,0.0,0.0,0.0,0.0,0.0,0.0,1.0,0.0,1.0,0.0,0.0,0.0,1.0,0.0,0.0,0.0,0.0,0.0,0.0,0.0,0.0,0.0,1.0,8.81,train
-1.118820701818921,1.6136072388329168,-1.6487806054682836,-3.2425311288734795,-0.7196673863344129,0.0,-1.852816032402951,-0.31599431707886305,0.0,0.0,0.0,0.0,0.0,0.0,0.0,0.0,0.0,1.0,0.0,1.0,0.0,0.0,0.0,1.0,0.0,0.0,0.0,1.0,0.0,0.0,0.0,0.0,0.0,0.0,0.0,0.0,1.0,1.2,test
1.5681583960803722,-1.958019292702791,-1.33069100756452,-1.7200320700545395,-0.7196673863344129,0.0,1.0693539959430771,-0.31599431707886305,0.0,0.0,0.0,0.0,0.0,0.0,0.0,0.0,0.0,1.0,0.0,0.0,0.0,1.0,1.0,0.0,0.0,0.0,0.0,0.0,0.0,0.0,0.0,0.0,0.0,1.0,1.0,0.0,0.0,9.18,train
-0.22316100251915655,0.0910901236010127,0.04276562834553008,-0.6369119342504614,-0.7196673863344129,0.0,-0.6839480210645398,0.7096921547508896,0.0,0.0,0.0,0.0,0.0,1.0,0.0,0.0,0.0,0.0,0.0,0.0,0.0,1.0,0.0,1.0,0.0,0.0,0.0,0.0,0.0,0.0,0.0,1.0,0.0,0.0,1.0,0.0,0.0,4.25,train
-1.4173739349188423,1.1795786275286255,-1.7671395256185214,-1.6110388488415504,-0.7196673863344129,0.0,1.152844568181535,-1.3416807889086158,0.0,0.0,0.0,0.0,0.0,1.0,0.0,0.0,0.0,0.0,0.0,0.0,0.0,1.0,0.0,1.0,0.0,0.0,0.0,0.0,0.0,1.0,0.0,0.0,0.0,0.0,0.0,1.0,0.0,1.2,train
1.2696051629804508,-0.5672956559587295,-0.16929410359031247,-1.2806531470396774,0.6773340106676827,0.0,1.5702974293738248,-2.3673672607383685,0.0,0.0,0.0,0.0,0.0,1.0,0.0,0.0,0.0,0.0,0.0,1.0,0.0,0.0,0.0,1.0,0.0,0.0,0.0,0.0,0.0,0.0,0.0,1.0,0.0,0.0,1.0,0.0,0.0,5.71,train
-1.118820701818921,1.101002727512264,-0.3862854571990816,0.9979863839443736,-0.7196673863344129,0.0,0.4014294180354135,0.7096921547508896,0.0,0.0,0.0,0.0,1.0,0.0,0.0,0.0,0.0,0.0,0.0,0.0,0.0,1.0,1.0,0.0,1.0,0.0,0.0,0.0,0.0,0.0,0.0,0.0,0.0,0.0,0.0,1.0,0.0,2.29,train
0.9710519298805294,-0.6022215093708873,-0.484917890657613,0.04429569833071983,-0.7196673863344129,0.0,0.06746712908158173,0.7096921547508896,0.0,0.0,0.0,0.0,0.0,0.0,0.0,0.0,0.0,1.0,0.0,0.0,0.0,1.0,1.0,0.0,0.0,0.0,0.0,0.0,0.0,0.0,0.0,0.0,1.0,0.0,0.0,0.0,1.0,8.56,train
-0.8202674687189995,0.5682162492740115,-0.5169734315316357,-0.2520296218420936,-0.7196673863344129,0.0,0.23444827355849762,-0.31599431707886305,1.0,0.0,0.0,0.0,0.0,0.0,0.0,0.0,0.0,0.0,0.0,0.0,0.0,1.0,0.0,1.0,0.0,0.0,0.0,0.0,0.0,0.0,0.0,1.0,0.0,0.0,1.0,0.0,0.0,2.26,train
-1.118820701818921,1.2087174327900594,-0.7241015417945517,0.0919802326114027,-0.7196673863344129,0.0,0.15095770132003966,-0.31599431707886305,0.0,0.0,0.0,0.0,0.0,1.0,0.0,0.0,0.0,0.0,0.0,0.0,0.0,1.0,0.0,1.0,0.0,0.0,0.0,1.0,0.0,0.0,0.0,0.0,0.0,0.0,0.0,0.0,1.0,1.22,train
0.07539223058076494,0.5857227969460506,-0.6575246492100429,-1.7268441463803514,0.6773340106676827,0.0,0.7353917069892453,0.7096921547508896,1.0,0.0,0.0,0.0,0.0,0.0,0.0,0.0,0.0,0.0,0.0,0.0,0.0,1.0,1.0,0.0,0.0,0.0,0.0,0.0,0.0,0.0,0.0,0.0,1.0,0.0,0.0,0.0,1.0,4.44,train
0.37394546368068643,0.6240510857031062,-0.2284735636654313,-2.3978336644728144,0.6773340106676827,0.0,0.23444827355849762,1.7353786265806423,0.0,0.0,0.0,0.0,0.0,1.0,0.0,0.0,0.0,0.0,0.0,1.0,0.0,0.0,1.0,0.0,0.0,0.0,0.0,0.0,0.0,0.0,1.0,0.0,0.0,0.0,0.0,0.0,1.0,5.57,train
-0.521714235619078,0.5640286365418293,-0.29011883457701343,0.006829278538755056,-0.7196673863344129,0.0,1.4868068571353668,1.7353786265806423,0.0,0.0,0.0,0.0,0.0,1.0,0.0,0.0,0.0,0.0,0.0,0.0,0.0,1.0,1.0,0.0,0.0,0.0,0.0,0.0,0.0,1.0,0.0,0.0,0.0,0.0,0.0,0.0,1.0,4.05,train
-0.521714235619078,-0.20358404178232953,-0.3320376187968893,0.35765120931806377,-0.7196673863344129,0.0,-0.5169668765876239,0.7096921547508896,0.0,0.0,0.0,0.0,0.0,0.0,0.0,0.0,0.0,1.0,0.0,1.0,0.0,0.0,0.0,1.0,0.0,0.0,0.0,0.0,0.0,0.0,0.0,1.0,0.0,0.0,1.0,0.0,0.0,4.26,train
-0.521714235619078,0.014346304154980914,2.3433671387657755,1.1240097959718927,0.6773340106676827,0.0,-0.5169668765876239,-1.3416807889086158,0.0,1.0,0.0,0.0,0.0,0.0,0.0,0.0,0.0,0.0,0.0,1.0,0.0,0.0,0.0,1.0,1.0,0.0,0.0,0.0,0.0,0.0,0.0,0.0,0.0,0.0,0.0,0.0,1.0,3.4,train
-0.22316100251915655,0.6221608438448295,1.6899272671030048,1.570200795312566,-0.7196673863344129,0.0,1.403316284896909,0.7096921547508896,1.0,0.0,0.0,0.0,0.0,0.0,0.0,0.0,0.0,0.0,1.0,0.0,0.0,0.0,0.0,1.0,0.0,0.0,0.0,0.0,0.0,0.0,0.0,0.0,1.0,0.0,0.0,0.0,1.0,5.09,train
0.6724986967806079,0.5864207324014142,-1.0421911396983154,-0.32696246142602414,-0.7196673863344129,0.0,-0.349985732110708,-0.31599431707886305,0.0,0.0,0.0,0.0,0.0,1.0,0.0,0.0,0.0,0.0,0.0,0.0,0.0,1.0,0.0,1.0,0.0,0.0,0.0,1.0,0.0,0.0,0.0,0.0,0.0,0.0,0.0,0.0,1.0,6.08,train
1.2696051629804508,-1.777748380711146,0.12906900762174506,0.43939612522780475,-0.7196673863344129,0.0,0.7353917069892453,0.7096921547508896,0.0,0.0,0.0,0.0,1.0,0.0,0.0,0.0,0.0,0.0,0.0,0.0,0.0,1.0,0.0,1.0,0.0,0.0,0.0,0.0,0.0,1.0,0.0,0.0,0.0,0.0,0.0,0.0,1.0,7.77,train
1.2696051629804508,-1.6629379983038202,1.0167609087485279,0.2588761025937923,2.0743354076697784,0.0,0.23444827355849762,-0.31599431707886305,0.0,0.0,0.0,0.0,0.0,0.0,0.0,1.0,0.0,0.0,0.0,1.0,0.0,0.0,1.0,0.0,0.0,0.0,0.0,0.0,0.0,0.0,1.0,0.0,0.0,0.0,0.0,0.0,1.0,7.97,train
1.2696051629804508,-1.3044899806866213,-0.42080680890956756,-1.9209883216659875,3.471336804671874,0.0,1.7372785738507406,-0.31599431707886305,0.0,0.0,0.0,0.0,0.0,0.0,0.0,0.0,0.0,1.0,0.0,1.0,0.0,0.0,0.0,1.0,0.0,0.0,0.0,1.0,0.0,0.0,0.0,0.0,0.0,0.0,0.0,0.0,1.0,6.82,test
-1.4173739349188423,0.7906250143832388,-1.6019301995754813,0.28612440789703897,-0.7196673863344129,0.0,0.7353917069892453,-0.31599431707886305,0.0,0.0,0.0,1.0,0.0,0.0,0.0,0.0,0.0,0.0,0.0,1.0,0.0,0.0,1.0,0.0,0.0,0.0,0.0,0.0,0.0,1.0,0.0,0.0,0.0,0.0,0.0,0.0,1.0,1.67,train
0.37394546368068643,-1.0322660724508108,-1.1630158706850164,-0.8923647964684044,-0.7196673863344129,0.0,-0.6004574488260819,-0.31599431707886305,1.0,0.0,0.0,0.0,0.0,0.0,0.0,0.0,0.0,0.0,0.0,0.0,0.0,1.0,0.0,1.0,0.0,0.0,0.0,1.0,0.0,0.0,0.0,0.0,0.0,0.0,0.0,1.0,0.0,5.05,train
-1.118820701818921,0.011438239757632229,-0.44546491727420046,-0.5040764458971309,-0.7196673863344129,0.0,-1.852816032402951,0.7096921547508896,0.0,0.0,1.0,0.0,0.0,0.0,0.0,0.0,0.0,0.0,0.0,0.0,1.0,0.0,0.0,1.0,0.0,0.0,1.0,0.0,0.0,0.0,0.0,0.0,0.0,0.0,1.0,0.0,0.0,1.84,test
-1.4173739349188423,0.8762384302411842,1.3151240199605854,0.17031911035823893,-0.7196673863344129,0.0,-0.6839480210645398,-1.3416807889086158,0.0,0.0,0.0,0.0,0.0,0.0,0.0,1.0,0.0,0.0,0.0,0.0,0.0,1.0,0.0,1.0,0.0,0.0,0.0,0.0,0.0,0.0,0.0,1.0,0.0,0.0,0.0,1.0,0.0,1.2,train
-0.8202674687189995,1.2990419129717095,1.468004291821309,-0.7663413844408857,-0.7196673863344129,0.0,-1.3518725989722034,-0.31599431707886305,0.0,0.0,0.0,0.0,0.0,0.0,0.0,0.0,1.0,0.0,0.0,0.0,0.0,1.0,1.0,0.0,0.0,1.0,0.0,0.0,0.0,0.0,0.0,0.0,0.0,0.0,0.0,1.0,0.0,2.17,train
0.9710519298805294,-1.3938838802611198,1.226354829847907,0.9196475061975383,-0.7196673863344129,0.0,-0.6004574488260819,1.7353786265806423,0.0,0.0,0.0,0.0,0.0,0.0,0.0,0.0,0.0,1.0,0.0,1.0,0.0,0.0,0.0,1.0,0.0,0.0,0.0,0.0,1.0,0.0,0.0,0.0,0.0,0.0,0.0,1.0,0.0,8.84,train
0.37394546368068643,-0.5755545588471999,-1.781934390637301,-0.7424991173005443,0.6773340106676827,0.0,-1.3518725989722034,0.7096921547508896,0.0,0.0,0.0,0.0,0.0,0.0,1.0,0.0,0.0,0.0,0.0,0.0,0.0,1.0,1.0,0.0,0.0,0.0,1.0,0.0,0.0,0.0,0.0,0.0,0.0,0.0,0.0,1.0,0.0,3.87,train
0.07539223058076494,-0.38972924385661883,0.7726456359386625,-0.6675662777166147,-0.7196673863344129,0.0,-1.1848914544952875,-1.3416807889086158,0.0,0.0,0.0,0.0,0.0,0.0,0.0,0.0,1.0,0.0,0.0,1.0,0.0,0.0,0.0,1.0,0.0,0.0,0.0,0.0,1.0,0.0,0.0,0.0,0.0,0.0,0.0,0.0,1.0,6.45,test
-1.118820701818921,0.655516342482419,1.1869018564644944,0.11922853791465034,0.6773340106676827,0.0,-1.2683820267337453,1.7353786265806423,0.0,0.0,0.0,0.0,0.0,0.0,0.0,0.0,1.0,0.0,0.0,0.0,0.0,1.0,0.0,1.0,0.0,0.0,0.0,0.0,0.0,0.0,0.0,0.0,1.0,0.0,0.0,1.0,0.0,2.57,train
-0.521714235619078,-0.36608668030617403,1.527183751896428,1.7915932759014501,-0.7196673863344129,0.0,-0.016023443156876222,-0.31599431707886305,0.0,0.0,0.0,0.0,0.0,0.0,0.0,0.0,0.0,1.0,0.0,0.0,0.0,1.0,1.0,0.0,0.0,0.0,0.0,0.0,1.0,0.0,0.0,0.0,0.0,0.0,0.0,0.0,1.0,4.23,train
0.37394546368068643,0.33690880710889703,1.0340215846037708,-0.006794874112868762,-0.7196673863344129,0.0,0.06746712908158173,0.7096921547508896,0.0,0.0,0.0,1.0,0.0,0.0,0.0,0.0,0.0,0.0,0.0,1.0,0.0,0.0,0.0,1.0,0.0,0.0,1.0,0.0,0.0,0.0,0.0,0.0,0.0,0.0,1.0,0.0,0.0,5.93,train
0.37394546368068643,-1.0616956841519796,0.18085103518747406,-0.9707036742152401,-0.7196673863344129,0.0,1.0693539959430771,-0.31599431707886305,0.0,0.0,0.0,0.0,0.0,0.0,1.0,0.0,0.0,0.0,0.0,0.0,0.0,1.0,0.0,1.0,0.0,0.0,0.0,0.0,0.0,0.0,0.0,1.0,0.0,0.0,1.0,0.0,0.0,6.22,train
0.37394546368068643,0.09053759136551646,-1.781934390637301,-1.4509550551849726,-0.7196673863344129,0.0,0.9858634237046191,-1.3416807889086158,0.0,0.0,0.0,0.0,0.0,1.0,0.0,0.0,0.0,0.0,0.0,0.0,0.0,1.0,0.0,1.0,0.0,1.0,0.0,0.0,0.0,0.0,0.0,0.0,0.0,0.0,0.0,0.0,1.0,4.74,train
0.07539223058076494,0.39710574013401484,0.4964748222547746,0.020453431190378873,-0.7196673863344129,0.0,-1.6858348879260352,-0.31599431707886305,0.0,0.0,0.0,0.0,0.0,1.0,0.0,0.0,0.0,0.0,0.0,0.0,0.0,1.0,1.0,0.0,0.0,1.0,0.0,0.0,0.0,0.0,0.0,0.0,0.0,0.0,0.0,0.0,1.0,4.25,train
-0.521714235619078,0.12104318689370416,0.7775772576115891,0.4257719725761819,-0.7196673863344129,0.0,-0.016023443156876222,-1.3416807889086158,0.0,0.0,0.0,0.0,0.0,0.0,0.0,1.0,0.0,0.0,0.0,1.0,0.0,0.0,0.0,1.0,0.0,0.0,0.0,1.0,0.0,0.0,0.0,0.0,0.0,0.0,0.0,0.0,1.0,3.3,train
-0.8202674687189995,0.5301787669566906,-0.39861451138139803,-1.6382871541447974,2.0743354076697784,0.0,1.319825712658451,0.7096921547508896,0.0,0.0,0.0,1.0,0.0,0.0,0.0,0.0,0.0,0.0,0.0,0.0,0.0,1.0,1.0,0.0,0.0,0.0,0.0,0.0,0.0,0.0,0.0,0.0,0.0,1.0,0.0,0.0,1.0,1.2,test
1.2696051629804508,-0.30501732796185166,1.8181494305990955,-0.24181150735337648,2.0743354076697784,0.0,0.6519011347507874,0.7096921547508896,0.0,0.0,0.0,0.0,0.0,1.0,0.0,0.0,0.0,0.0,0.0,0.0,1.0,0.0,1.0,0.0,1.0,0.0,0.0,0.0,0.0,0.0,0.0,0.0,0.0,0.0,1.0,0.0,0.0,8.66,train
1.2696051629804508,-1.1918315659333332,0.15126130514991462,-0.74590515546345,-0.7196673863344129,0.0,0.3179388457969556,0.7096921547508896,0.0,0.0,0.0,1.0,0.0,0.0,0.0,0.0,0.0,0.0,0.0,0.0,0.0,1.0,0.0,1.0,0.0,0.0,0.0,1.0,0.0,0.0,0.0,0.0,0.0,0.0,0.0,0.0,1.0,8.65,train
-1.118820701818921,0.918521686578634,-0.21861032031957817,1.617885329593249,-0.7196673863344129,0.0,-0.43347630434916595,-0.31599431707886305,0.0,0.0,0.0,1.0,0.0,0.0,0.0,0.0,0.0,0.0,0.0,0.0,1.0,0.0,0.0,1.0,0.0,0.0,0.0,0.0,0.0,0.0,0.0,1.0,0.0,0.0,0.0,0.0,1.0,3.72,train
1.2696051629804508,-1.719325366968411,0.16359035933223107,-1.1648478495008767,-0.7196673863344129,0.0,1.6537880016122828,0.7096921547508896,0.0,0.0,0.0,0.0,0.0,0.0,1.0,0.0,0.0,0.0,0.0,0.0,0.0,1.0,1.0,0.0,0.0,0.0,0.0,1.0,0.0,0.0,0.0,0.0,0.0,0.0,0.0,0.0,1.0,8.31,train
-0.22316100251915655,0.2366096660443409,-0.9534219495856372,-1.7506864135206923,0.6773340106676827,0.0,0.4014294180354135,-0.31599431707886305,0.0,0.0,0.0,0.0,1.0,0.0,0.0,0.0,0.0,0.0,0.0,0.0,0.0,1.0,0.0,1.0,0.0,1.0,0.0,0.0,0.0,0.0,0.0,0.0,0.0,0.0,0.0,0.0,1.0,2.62,train
-1.715927168018764,2.4928605093712917,1.1449830722446186,1.0899494143428337,2.0743354076697784,0.0,0.9858634237046191,-2.3673672607383685,0.0,0.0,0.0,1.0,0.0,0.0,0.0,0.0,0.0,0.0,0.0,1.0,0.0,0.0,1.0,0.0,0.0,0.0,1.0,0.0,0.0,0.0,0.0,0.0,0.0,0.0,0.0,1.0,0.0,1.2,train
-0.521714235619078,0.9634803621616447,-1.781934390637301,-1.0286063229846405,-0.7196673863344129,0.0,-0.43347630434916595,-0.31599431707886305,0.0,0.0,0.0,0.0,0.0,0.0,0.0,1.0,0.0,0.0,1.0,0.0,0.0,0.0,1.0,0.0,0.0,0.0,1.0,0.0,0.0,0.0,0.0,0.0,0.0,0.0,1.0,0.0,0.0,1.62,test
-0.8202674687189995,0.9900891513973852,-1.5032977661169498,-0.05447940839355164,-0.7196673863344129,0.0,-1.2683820267337453,-0.31599431707886305,1.0,0.0,0.0,0.0,0.0,0.0,0.0,0.0,0.0,0.0,0.0,0.0,0.0,1.0,0.0,1.0,1.0,0.0,0.0,0.0,0.0,0.0,0.0,0.0,0.0,0.0,1.0,0.0,0.0,2.22,test
0.9710519298805294,-0.9549115594813358,-0.7832810018696705,-0.9536734834007106,0.6773340106676827,0.0,1.403316284896909,0.7096921547508896,0.0,0.0,0.0,0.0,0.0,1.0,0.0,0.0,0.0,0.0,0.0,0.0,0.0,1.0,0.0,1.0,0.0,1.0,0.0,0.0,0.0,0.0,0.0,0.0,0.0,0.0,0.0,0.0,1.0,8.44,train
-0.521714235619078,0.011118352673923875,1.1104617205341327,0.36105724748096946,-0.7196673863344129,0.0,0.23444827355849762,-1.3416807889086158,0.0,0.0,0.0,0.0,0.0,1.0,0.0,0.0,0.0,0.0,0.0,0.0,0.0,1.0,1.0,0.0,0.0,0.0,0.0,0.0,0.0,0.0,0.0,1.0,0.0,0.0,0.0,1.0,0.0,3.36,test
0.6724986967806079,-1.1628672445357402,-1.781934390637301,-1.3862403300897608,-0.7196673863344129,0.0,0.48491999027387145,-0.31599431707886305,0.0,0.0,0.0,0.0,0.0,0.0,0.0,0.0,1.0,0.0,0.0,0.0,0.0,1.0,1.0,0.0,0.0,0.0,1.0,0.0,0.0,0.0,0.0,0.0,0.0,0.0,0.0,0.0,1.0,6.5,train
0.9710519298805294,-0.2195783959677473,-0.37888802468969174,0.07495004179687317,-0.7196673863344129,0.0,0.06746712908158173,-0.31599431707886305,0.0,0.0,0.0,0.0,0.0,0.0,1.0,0.0,0.0,0.0,0.0,0.0,0.0,1.0,1.0,0.0,0.0,0.0,1.0,0.0,0.0,0.0,0.0,0.0,0.0,0.0,1.0,0.0,0.0,7.04,train
0.07539223058076494,-0.6863518123861847,1.0414190171131608,0.5688255754182295,-0.7196673863344129,0.0,-1.852816032402951,-0.31599431707886305,0.0,1.0,0.0,0.0,0.0,0.0,0.0,0.0,0.0,0.0,0.0,0.0,1.0,0.0,0.0,1.0,0.0,0.0,0.0,0.0,1.0,0.0,0.0,0.0,0.0,0.0,0.0,0.0,1.0,6.21,test
-0.8202674687189995,1.0399624558119152,0.33619711788466106,1.3556203910494937,2.0743354076697784,0.0,0.8188822792277033,-0.31599431707886305,0.0,1.0,0.0,0.0,0.0,0.0,0.0,0.0,0.0,0.0,0.0,0.0,0.0,1.0,1.0,0.0,0.0,0.0,1.0,0.0,0.0,0.0,0.0,0.0,0.0,0.0,0.0,0.0,1.0,3.66,test
0.9710519298805294,-1.0746074900762077,-0.45779397145651685,0.13625872872917988,0.6773340106676827,0.0,-0.6839480210645398,-0.31599431707886305,0.0,0.0,0.0,1.0,0.0,0.0,0.0,0.0,0.0,0.0,1.0,0.0,0.0,0.0,0.0,1.0,0.0,0.0,0.0,1.0,0.0,0.0,0.0,0.0,0.0,0.0,0.0,1.0,0.0,7.27,train
-1.118820701818921,0.7802432244847041,-1.4490499277147575,-0.27587188898243553,2.0743354076697784,0.0,1.7372785738507406,-0.31599431707886305,1.0,0.0,0.0,0.0,0.0,0.0,0.0,0.0,0.0,0.0,0.0,1.0,0.0,0.0,0.0,1.0,0.0,1.0,0.0,0.0,0.0,0.0,0.0,0.0,0.0,0.0,0.0,0.0,1.0,1.87,train
-1.118820701818921,1.1850748692396145,-0.6797169467382126,2.4932371374600666,-0.7196673863344129,0.0,0.06746712908158173,-0.31599431707886305,0.0,1.0,0.0,0.0,0.0,0.0,0.0,0.0,0.0,0.0,0.0,0.0,0.0,1.0,1.0,0.0,0.0,0.0,0.0,0.0,0.0,0.0,0.0,0.0,0.0,1.0,0.0,1.0,0.0,2.77,train
0.07539223058076494,-1.0928992151355308,-1.4145285760042716,-0.4291436063132013,-0.7196673863344129,0.0,0.48491999027387145,-0.31599431707886305,0.0,0.0,0.0,0.0,0.0,0.0,0.0,1.0,0.0,0.0,0.0,0.0,0.0,1.0,0.0,1.0,0.0,0.0,0.0,0.0,0.0,0.0,0.0,0.0,0.0,1.0,0.0,1.0,0.0,4.28,train
0.9710519298805294,-0.12608412559298707,0.9699105028557253,0.38830555278421613,-0.7196673863344129,0.0,-1.1014008822568295,0.7096921547508896,1.0,0.0,0.0,0.0,0.0,0.0,0.0,0.0,0.0,0.0,0.0,0.0,0.0,1.0,0.0,1.0,1.0,0.0,0.0,0.0,0.0,0.0,0.0,0.0,0.0,0.0,1.0,0.0,0.0,6.83,test
-1.118820701818921,0.5622547172594466,0.1413980618040615,-1.2023142692928417,-0.7196673863344129,0.0,1.0693539959430771,0.7096921547508896,0.0,0.0,0.0,0.0,0.0,1.0,0.0,0.0,0.0,0.0,1.0,0.0,0.0,0.0,1.0,0.0,0.0,0.0,0.0,0.0,0.0,1.0,0.0,0.0,0.0,0.0,1.0,0.0,0.0,2.65,test
0.9710519298805294,-0.6277833954235822,-0.6871143792476024,-0.6982206211827671,0.6773340106676827,1.0,-0.5169668765876239,-1.3416807889086158,0.0,0.0,0.0,1.0,0.0,0.0,0.0,0.0,0.0,0.0,0.0,0.0,0.0,1.0,0.0,1.0,0.0,0.0,1.0,0.0,0.0,0.0,0.0,0.0,0.0,0.0,0.0,0.0,1.0,6.65,test
-1.118820701818921,0.20581326407641834,0.3583894154128306,-1.2431867272477126,0.6773340106676827,0.0,-1.3518725989722034,0.7096921547508896,0.0,0.0,0.0,0.0,0.0,0.0,0.0,0.0,0.0,1.0,0.0,1.0,0.0,0.0,1.0,0.0,0.0,0.0,0.0,0.0,0.0,0.0,0.0,1.0,0.0,0.0,0.0,1.0,0.0,2.06,train
0.07539223058076494,-1.001993122074411,-1.054520193880632,-0.49045229324550704,-0.7196673863344129,0.0,-1.6858348879260352,-0.31599431707886305,0.0,0.0,0.0,1.0,0.0,0.0,0.0,0.0,0.0,0.0,0.0,1.0,0.0,0.0,0.0,1.0,0.0,0.0,0.0,1.0,0.0,0.0,0.0,0.0,0.0,0.0,0.0,1.0,0.0,4.27,train
-0.521714235619078,1.0157091987380271,1.7934913222344626,0.9400837351749736,-0.7196673863344129,0.0,0.4014294180354135,1.7353786265806423,0.0,0.0,0.0,0.0,0.0,0.0,0.0,0.0,1.0,0.0,0.0,0.0,1.0,0.0,0.0,1.0,1.0,0.0,0.0,0.0,0.0,0.0,0.0,0.0,0.0,0.0,0.0,0.0,1.0,5.24,train
0.9710519298805294,-1.5214025040848596,1.1449830722446186,0.5892618043956648,-0.7196673863344129,0.0,0.4014294180354135,0.7096921547508896,0.0,1.0,0.0,0.0,0.0,0.0,0.0,0.0,0.0,0.0,0.0,0.0,0.0,1.0,1.0,0.0,1.0,0.0,0.0,0.0,0.0,0.0,0.0,0.0,0.0,0.0,0.0,1.0,0.0,6.92,train
0.6724986967806079,-0.6958902636094884,0.38797914545039003,-1.4645792078365965,0.6773340106676827,0.0,1.152844568181535,-0.31599431707886305,0.0,0.0,0.0,0.0,0.0,0.0,1.0,0.0,0.0,0.0,0.0,1.0,0.0,0.0,1.0,0.0,0.0,0.0,0.0,1.0,0.0,0.0,0.0,0.0,0.0,0.0,0.0,1.0,0.0,5.82,train
-1.715927168018764,2.173438715966512,1.285534289923026,2.6431028166279265,-0.7196673863344129,0.0,-1.5188537434491192,-0.31599431707886305,0.0,0.0,0.0,0.0,0.0,0.0,0.0,0.0,0.0,1.0,0.0,0.0,0.0,1.0,0.0,1.0,0.0,0.0,0.0,1.0,0.0,0.0,0.0,0.0,0.0,0.0,0.0,0.0,1.0,1.2,test
-1.4173739349188423,1.262632946716904,-0.6156058649901671,-1.4237067498817255,0.6773340106676827,0.0,-0.6839480210645398,-0.31599431707886305,1.0,0.0,0.0,0.0,0.0,0.0,0.0,0.0,0.0,0.0,0.0,0.0,0.0,1.0,1.0,0.0,0.0,0.0,0.0,0.0,1.0,0.0,0.0,0.0,0.0,0.0,0.0,0.0,1.0,1.2,test
-1.715927168018764,0.784779804944568,-0.9312296520574677,-1.2091263456186536,2.0743354076697784,0.0,-1.1014008822568295,0.7096921547508896,0.0,0.0,0.0,0.0,0.0,0.0,1.0,0.0,0.0,0.0,0.0,0.0,0.0,1.0,1.0,0.0,0.0,0.0,0.0,0.0,0.0,0.0,0.0,1.0,0.0,0.0,0.0,0.0,1.0,1.2,train
-0.8202674687189995,0.28738447042204895,-0.37642221385322844,-0.11238205716295166,-0.7196673863344129,0.0,1.152844568181535,0.7096921547508896,0.0,1.0,0.0,0.0,0.0,0.0,0.0,0.0,0.0,0.0,0.0,0.0,1.0,0.0,1.0,0.0,0.0,1.0,0.0,0.0,0.0,0.0,0.0,0.0,0.0,0.0,0.0,1.0,0.0,4.35,train
1.5681583960803722,-1.783302783710082,-1.781934390637301,-0.5517609801778137,2.0743354076697784,0.0,0.5684105625123294,0.7096921547508896,1.0,0.0,0.0,0.0,0.0,0.0,0.0,0.0,0.0,0.0,0.0,1.0,0.0,0.0,0.0,1.0,0.0,0.0,0.0,0.0,0.0,0.0,0.0,0.0,0.0,1.0,1.0,0.0,0.0,9.72,train
-1.715927168018764,1.0944595826182295,-0.9262980303845411,-0.8719285674909686,-0.7196673863344129,0.0,-0.09951401539533417,-0.31599431707886305,0.0,0.0,0.0,0.0,0.0,0.0,0.0,0.0,1.0,0.0,0.0,1.0,0.0,0.0,0.0,1.0,0.0,0.0,0.0,0.0,0.0,0.0,0.0,0.0,0.0,1.0,0.0,0.0,1.0,1.2,test
0.6724986967806079,-0.1687163496581188,-1.2863064125081807,0.8923992008942906,-0.7196673863344129,0.0,0.48491999027387145,-0.31599431707886305,0.0,0.0,0.0,0.0,1.0,0.0,0.0,0.0,0.0,0.0,0.0,0.0,0.0,1.0,0.0,1.0,0.0,0.0,0.0,0.0,0.0,0.0,1.0,0.0,0.0,0.0,0.0,0.0,1.0,5.43,train
1.5681583960803722,-0.9960897513477931,0.13646644013113493,1.1478520631122335,2.0743354076697784,0.0,-1.3518725989722034,-0.31599431707886305,0.0,0.0,0.0,1.0,0.0,0.0,0.0,0.0,0.0,0.0,0.0,1.0,0.0,0.0,0.0,1.0,0.0,1.0,0.0,0.0,0.0,0.0,0.0,0.0,0.0,0.0,0.0,1.0,0.0,7.99,train
1.2696051629804508,-0.4846775464300534,-0.03120869674836849,-0.9093949872829339,2.0743354076697784,0.0,1.319825712658451,-0.31599431707886305,0.0,0.0,0.0,0.0,0.0,0.0,1.0,0.0,0.0,0.0,0.0,0.0,0.0,1.0,1.0,0.0,0.0,1.0,0.0,0.0,0.0,0.0,0.0,0.0,0.0,0.0,0.0,0.0,1.0,6.68,train
-1.4173739349188423,1.5847010787232707,0.3090731986835649,0.26228214075669803,0.6773340106676827,0.0,-0.6004574488260819,0.7096921547508896,0.0,0.0,0.0,0.0,0.0,0.0,0.0,0.0,1.0,0.0,0.0,1.0,0.0,0.0,0.0,1.0,0.0,0.0,0.0,0.0,0.0,0.0,0.0,0.0,1.0,0.0,0.0,1.0,0.0,1.67,test
0.07539223058076494,-1.2285022579839,-0.23587099617482118,0.17372514852114465,0.6773340106676827,0.0,-1.1848914544952875,-0.31599431707886305,0.0,0.0,0.0,0.0,0.0,0.0,0.0,0.0,0.0,1.0,0.0,1.0,0.0,0.0,0.0,1.0,0.0,1.0,0.0,0.0,0.0,0.0,0.0,0.0,0.0,0.0,0.0,0.0,1.0,4.81,test
-0.22316100251915655,0.6130876829251016,-0.5342341073868787,-2.3876155499840968,0.6773340106676827,0.0,-1.2683820267337453,-0.31599431707886305,0.0,0.0,0.0,0.0,1.0,0.0,0.0,0.0,0.0,0.0,1.0,0.0,0.0,0.0,0.0,1.0,0.0,0.0,0.0,0.0,0.0,1.0,0.0,0.0,0.0,0.0,0.0,1.0,0.0,1.42,train
-0.8202674687189995,1.503769646545057,-0.20628126613726175,0.23162779729054467,-0.7196673863344129,0.0,0.7353917069892453,0.7096921547508896,0.0,1.0,0.0,0.0,0.0,0.0,0.0,0.0,0.0,0.0,0.0,0.0,0.0,1.0,1.0,0.0,1.0,0.0,0.0,0.0,0.0,0.0,0.0,0.0,0.0,0.0,0.0,0.0,1.0,2.74,train
-0.521714235619078,1.027835827274971,1.1030642880247428,0.8344965521248906,2.0743354076697784,0.0,-1.5188537434491192,-0.31599431707886305,0.0,1.0,0.0,0.0,0.0,0.0,0.0,0.0,0.0,0.0,0.0,0.0,0.0,1.0,1.0,0.0,0.0,0.0,1.0,0.0,0.0,0.0,0.0,0.0,0.0,0.0,0.0,1.0,0.0,2.86,train
0.6724986967806079,-0.994286751421437,-1.382473035130249,-0.7833715752554152,-0.7196673863344129,0.0,1.319825712658451,0.7096921547508896,0.0,0.0,0.0,0.0,0.0,0.0,1.0,0.0,0.0,0.0,1.0,0.0,0.0,0.0,0.0,1.0,0.0,0.0,0.0,0.0,0.0,0.0,0.0,0.0,0.0,1.0,1.0,0.0,0.0,7.17,train
-1.715927168018764,1.1058010337678894,0.6838764458259843,-0.13622432430329262,0.6773340106676827,0.0,-1.0179103100183715,0.7096921547508896,0.0,0.0,0.0,0.0,0.0,0.0,1.0,0.0,0.0,0.0,0.0,0.0,0.0,1.0,0.0,1.0,0.0,0.0,0.0,0.0,0.0,0.0,0.0,1.0,0.0,0.0,0.0,0.0,1.0,1.2,train
-1.715927168018764,1.8529409387347135,-1.7720711472914479,0.3099666750373809,0.6773340106676827,1.0,0.9023728514661612,-0.31599431707886305,0.0,0.0,0.0,0.0,0.0,0.0,0.0,0.0,0.0,1.0,0.0,0.0,0.0,1.0,0.0,1.0,0.0,0.0,0.0,0.0,0.0,1.0,0.0,0.0,0.0,0.0,0.0,1.0,0.0,1.2,test
1.2696051629804508,-1.5979718396670504,1.0710087471507201,2.0879185960742634,0.6773340106676827,0.0,0.3179388457969556,0.7096921547508896,0.0,0.0,0.0,0.0,0.0,0.0,0.0,0.0,0.0,1.0,0.0,1.0,0.0,0.0,0.0,1.0,0.0,0.0,0.0,0.0,0.0,0.0,1.0,0.0,0.0,0.0,1.0,0.0,0.0,10.4,test
-1.715927168018764,1.0930637117075022,-1.0495885722077054,-0.6675662777166147,0.6773340106676827,0.0,-0.43347630434916595,-0.31599431707886305,0.0,0.0,0.0,0.0,1.0,0.0,0.0,0.0,0.0,0.0,0.0,0.0,0.0,1.0,0.0,1.0,0.0,0.0,0.0,0.0,0.0,0.0,0.0,0.0,0.0,1.0,0.0,0.0,1.0,1.2,train
1.5681583960803722,-1.3482854305106924,-0.1964180227914086,3.2595957241138955,2.0743354076697784,1.0,1.7372785738507406,0.7096921547508896,0.0,1.0,0.0,0.0,0.0,0.0,0.0,0.0,0.0,0.0,0.0,0.0,0.0,1.0,1.0,0.0,0.0,0.0,0.0,0.0,1.0,0.0,0.0,0.0,0.0,0.0,0.0,0.0,1.0,8.21,test
1.5681583960803722,-0.4447207416104825,0.2622227927907625,0.18394326300986177,0.6773340106676827,0.0,0.3179388457969556,-0.31599431707886305,0.0,0.0,0.0,0.0,0.0,1.0,0.0,0.0,0.0,0.0,0.0,0.0,0.0,1.0,0.0,1.0,0.0,0.0,0.0,0.0,1.0,0.0,0.0,0.0,0.0,0.0,0.0,1.0,0.0,7.57,train
1.2696051629804508,-0.4181410330187155,-0.9139689762022246,1.1751003684154813,0.6773340106676827,0.0,-0.9344197377799136,0.7096921547508896,0.0,0.0,0.0,0.0,0.0,1.0,0.0,0.0,0.0,0.0,0.0,1.0,0.0,0.0,0.0,1.0,0.0,1.0,0.0,0.0,0.0,0.0,0.0,0.0,0.0,0.0,0.0,0.0,1.0,7.92,train
1.2696051629804508,-1.3465115112283097,1.4926624001859419,0.6880369111199363,-0.7196673863344129,0.0,0.06746712908158173,0.7096921547508896,0.0,0.0,0.0,0.0,0.0,0.0,0.0,0.0,0.0,1.0,0.0,1.0,0.0,0.0,0.0,1.0,0.0,0.0,0.0,0.0,0.0,0.0,0.0,0.0,1.0,0.0,0.0,0.0,1.0,10.11,train
-0.8202674687189995,1.161752192772878,1.4260855076014332,1.2091607500445403,2.0743354076697784,0.0,0.8188822792277033,-0.31599431707886305,0.0,0.0,0.0,0.0,1.0,0.0,0.0,0.0,0.0,0.0,0.0,0.0,0.0,1.0,0.0,1.0,0.0,0.0,1.0,0.0,0.0,0.0,0.0,0.0,0.0,0.0,1.0,0.0,0.0,1.39,train
-1.4173739349188423,1.1880992562128572,-1.1704133031944064,-0.7663413844408857,0.6773340106676827,0.0,-1.6023443156875772,0.7096921547508896,0.0,1.0,0.0,0.0,0.0,0.0,0.0,0.0,0.0,0.0,1.0,0.0,0.0,0.0,0.0,1.0,0.0,0.0,0.0,0.0,0.0,0.0,0.0,0.0,0.0,1.0,0.0,0.0,1.0,1.2,test
1.2696051629804508,-1.958019292702791,-1.140823573156847,-1.042230475636264,-0.7196673863344129,0.0,-1.769325460164493,-0.31599431707886305,0.0,0.0,0.0,0.0,0.0,0.0,0.0,0.0,1.0,0.0,0.0,0.0,0.0,1.0,1.0,0.0,0.0,0.0,0.0,0.0,0.0,0.0,0.0,0.0,1.0,0.0,0.0,0.0,1.0,8.44,test
-0.22316100251915655,-0.07193596651435456,0.16852198100515764,0.4291780107390876,0.6773340106676827,0.0,1.5702974293738248,0.7096921547508896,0.0,0.0,0.0,0.0,0.0,0.0,0.0,0.0,1.0,0.0,0.0,0.0,0.0,1.0,1.0,0.0,0.0,1.0,0.0,0.0,0.0,0.0,0.0,0.0,0.0,0.0,1.0,0.0,0.0,4.63,train
0.6724986967806079,-0.7356725845652184,0.13646644013113493,-1.0286063229846405,0.6773340106676827,0.0,-1.3518725989722034,-0.31599431707886305,0.0,0.0,0.0,0.0,0.0,0.0,0.0,1.0,0.0,0.0,0.0,1.0,0.0,0.0,0.0,1.0,0.0,0.0,1.0,0.0,0.0,0.0,0.0,0.0,0.0,0.0,0.0,0.0,1.0,5.65,test
0.9710519298805294,-1.3764064132330542,1.1770386131186414,-0.9979519795184872,-0.7196673863344129,0.0,0.06746712908158173,-0.31599431707886305,0.0,1.0,0.0,0.0,0.0,0.0,0.0,0.0,0.0,0.0,0.0,1.0,0.0,0.0,0.0,1.0,0.0,0.0,0.0,0.0,0.0,0.0,0.0,0.0,1.0,0.0,0.0,0.0,1.0,28.5,train
1.5681583960803722,-0.8488544509100292,0.3238680637023446,0.1328526905662732,-0.7196673863344129,0.0,-1.852816032402951,0.7096921547508896,0.0,0.0,0.0,0.0,0.0,0.0,0.0,1.0,0.0,0.0,0.0,0.0,0.0,1.0,1.0,0.0,0.0,0.0,0.0,0.0,0.0,0.0,0.0,1.0,0.0,0.0,0.0,0.0,1.0,8.62,train
0.37394546368068643,-0.31519555335257204,1.7515725380145868,0.6403523768392534,-0.7196673863344129,0.0,-1.852816032402951,-0.31599431707886305,0.0,0.0,0.0,0.0,0.0,0.0,1.0,0.0,0.0,0.0,0.0,0.0,0.0,1.0,0.0,1.0,0.0,1.0,0.0,0.0,0.0,0.0,0.0,0.0,0.0,0.0,0.0,0.0,1.0,4.73,train
1.2696051629804508,-0.9249584961886443,0.8959361777618268,-0.21796924021303454,0.6773340106676827,0.0,-1.4353631712106614,0.7096921547508896,1.0,0.0,0.0,0.0,0.0,0.0,0.0,0.0,0.0,0.0,0.0,1.0,0.0,0.0,1.0,0.0,0.0,0.0,0.0,0.0,0.0,0.0,0.0,1.0,0.0,0.0,0.0,1.0,0.0,8.35,test
-1.118820701818921,0.755931806122869,0.8984019885982901,-0.44617379712773086,0.6773340106676827,0.0,0.06746712908158173,0.7096921547508896,0.0,0.0,0.0,0.0,0.0,0.0,0.0,0.0,1.0,0.0,0.0,0.0,0.0,1.0,1.0,0.0,0.0,0.0,0.0,1.0,0.0,0.0,0.0,0.0,0.0,0.0,0.0,0.0,1.0,2.69,train
-1.4173739349188423,0.8666999790178804,1.181970234791568,0.7186912545860896,0.6773340106676827,0.0,-1.6858348879260352,-0.31599431707886305,0.0,0.0,0.0,0.0,0.0,1.0,0.0,0.0,0.0,0.0,0.0,0.0,0.0,1.0,1.0,0.0,1.0,0.0,0.0,0.0,0.0,0.0,0.0,0.0,0.0,0.0,0.0,0.0,1.0,1.2,train
-1.4173739349188423,1.1768741276390913,-0.10764883267873034,0.4836746213455819,-0.7196673863344129,0.0,-0.6004574488260819,-0.31599431707886305,0.0,0.0,0.0,0.0,0.0,1.0,0.0,0.0,0.0,0.0,0.0,0.0,0.0,1.0,0.0,1.0,0.0,0.0,0.0,0.0,0.0,0.0,1.0,0.0,0.0,0.0,0.0,0.0,1.0,1.23,train
1.2696051629804508,-1.958019292702791,-0.1791573469361656,-1.7132199937287276,2.0743354076697784,0.0,-0.6839480210645398,0.7096921547508896,0.0,0.0,0.0,0.0,0.0,0.0,1.0,0.0,0.0,0.0,0.0,0.0,1.0,0.0,0.0,1.0,0.0,0.0,1.0,0.0,0.0,0.0,0.0,0.0,0.0,0.0,0.0,0.0,1.0,10.04,train
1.5681583960803722,-1.268110095075789,-0.3690247813438386,0.7220972927489954,0.6773340106676827,0.0,0.06746712908158173,-0.31599431707886305,0.0,0.0,0.0,0.0,0.0,0.0,0.0,1.0,0.0,0.0,0.0,0.0,0.0,1.0,1.0,0.0,0.0,1.0,0.0,0.0,0.0,0.0,0.0,0.0,0.0,0.0,0.0,1.0,0.0,8.96,train
0.37394546368068643,-0.01624653330512725,-0.08792234598702406,0.6096980333731,0.6773340106676827,0.0,0.3179388457969556,0.7096921547508896,1.0,0.0,0.0,0.0,0.0,0.0,0.0,0.0,0.0,0.0,0.0,0.0,0.0,1.0,0.0,1.0,0.0,0.0,0.0,1.0,0.0,0.0,0.0,0.0,0.0,0.0,0.0,1.0,0.0,7.11,train
0.37394546368068643,-0.20820786417411394,0.5334619848017239,1.7847811995756377,-0.7196673863344129,0.0,-1.5188537434491192,-0.31599431707886305,0.0,1.0,0.0,0.0,0.0,0.0,0.0,0.0,0.0,0.0,1.0,0.0,0.0,0.0,1.0,0.0,1.0,0.0,0.0,0.0,0.0,0.0,0.0,0.0,0.0,0.0,0.0,1.0,0.0,5.84,train
-0.22316100251915655,-0.5441765439998075,0.09701346674772235,0.09538627077430842,0.6773340106676827,1.0,0.7353917069892453,-0.31599431707886305,0.0,0.0,1.0,0.0,0.0,0.0,0.0,0.0,0.0,0.0,0.0,0.0,0.0,1.0,0.0,1.0,0.0,1.0,0.0,0.0,0.0,0.0,0.0,0.0,0.0,0.0,1.0,0.0,0.0,4.04,test
-0.521714235619078,0.15192683079354719,-0.364093159670912,0.37127536196968663,-0.7196673863344129,0.0,0.15095770132003966,1.7353786265806423,0.0,1.0,0.0,0.0,0.0,0.0,0.0,0.0,0.0,0.0,0.0,1.0,0.0,0.0,1.0,0.0,0.0,0.0,0.0,0.0,0.0,0.0,0.0,1.0,0.0,0.0,0.0,0.0,1.0,4.88,train
-0.8202674687189995,0.7414496454240725,0.2572911711178359,0.783405979681302,0.6773340106676827,0.0,-1.1848914544952875,-0.31599431707886305,0.0,0.0,0.0,0.0,0.0,0.0,0.0,0.0,1.0,0.0,0.0,0.0,0.0,1.0,0.0,1.0,0.0,0.0,0.0,0.0,0.0,0.0,1.0,0.0,0.0,0.0,1.0,0.0,0.0,3.31,test
-1.4173739349188423,1.5976128846474988,-0.15943086024445932,1.3385902002349641,-0.7196673863344129,0.0,-0.016023443156876222,-0.31599431707886305,0.0,0.0,1.0,0.0,0.0,0.0,0.0,0.0,0.0,0.0,0.0,0.0,0.0,1.0,1.0,0.0,0.0,0.0,0.0,1.0,0.0,0.0,0.0,0.0,0.0,0.0,0.0,0.0,1.0,1.84,train
-0.8202674687189995,1.3004087032384632,1.5518418602610606,1.062701109039586,-0.7196673863344129,0.0,1.7372785738507406,0.7096921547508896,0.0,0.0,0.0,0.0,0.0,0.0,0.0,0.0,0.0,1.0,0.0,1.0,0.0,0.0,1.0,0.0,0.0,1.0,0.0,0.0,0.0,0.0,0.0,0.0,0.0,0.0,1.0,0.0,0.0,3.71,train
-0.521714235619078,1.2094444488893965,0.25235954944490935,0.17031911035823893,-0.7196673863344129,0.0,0.6519011347507874,-0.31599431707886305,0.0,0.0,0.0,0.0,0.0,0.0,0.0,0.0,1.0,0.0,0.0,0.0,0.0,1.0,0.0,1.0,0.0,1.0,0.0,0.0,0.0,0.0,0.0,0.0,0.0,0.0,0.0,0.0,1.0,4.17,train
-0.8202674687189995,-0.2011994289765036,-1.1506868165027,-1.662129421285139,0.6773340106676827,0.0,-0.18300458763379213,-0.31599431707886305,0.0,0.0,0.0,0.0,0.0,0.0,0.0,0.0,1.0,0.0,0.0,0.0,0.0,1.0,0.0,1.0,1.0,0.0,0.0,0.0,0.0,0.0,0.0,0.0,0.0,0.0,0.0,0.0,1.0,2.19,train
0.07539223058076494,-0.28425374816478205,-0.021345453402515348,0.749345598052243,-0.7196673863344129,0.0,0.15095770132003966,-0.31599431707886305,0.0,0.0,0.0,1.0,0.0,0.0,0.0,0.0,0.0,0.0,0.0,1.0,0.0,0.0,0.0,1.0,0.0,0.0,1.0,0.0,0.0,0.0,0.0,0.0,0.0,0.0,1.0,0.0,0.0,5.96,train
-0.22316100251915655,-0.04788627394828094,-0.7561570826685744,0.5347651937891705,2.0743354076697784,0.0,1.152844568181535,0.7096921547508896,0.0,0.0,0.0,0.0,1.0,0.0,0.0,0.0,0.0,0.0,0.0,0.0,0.0,1.0,1.0,0.0,0.0,0.0,0.0,1.0,0.0,0.0,0.0,0.0,0.0,0.0,0.0,1.0,0.0,4.25,train
-1.4173739349188423,0.8768200431206539,0.5704491473486731,0.8004361704958316,-0.7196673863344129,0.0,-0.18300458763379213,-0.31599431707886305,1.0,0.0,0.0,0.0,0.0,0.0,0.0,0.0,0.0,0.0,0.0,0.0,0.0,1.0,0.0,1.0,0.0,0.0,0.0,0.0,0.0,0.0,0.0,0.0,0.0,1.0,0.0,1.0,0.0,1.2,train
0.37394546368068643,-0.7459962131758062,0.16112454849576777,-0.22137527837594026,-0.7196673863344129,0.0,0.7353917069892453,-0.31599431707886305,0.0,0.0,1.0,0.0,0.0,0.0,0.0,0.0,0.0,0.0,0.0,0.0,0.0,1.0,0.0,1.0,0.0,0.0,0.0,0.0,1.0,0.0,0.0,0.0,0.0,0.0,0.0,1.0,0.0,5.27,train
0.07539223058076494,0.4169096586799594,-0.011482210056662206,-0.5619790946665308,0.6773340106676827,0.0,0.7353917069892453,0.7096921547508896,0.0,0.0,0.0,0.0,0.0,0.0,0.0,1.0,0.0,0.0,0.0,1.0,0.0,0.0,1.0,0.0,0.0,0.0,0.0,0.0,0.0,1.0,0.0,0.0,0.0,0.0,0.0,1.0,0.0,6.18,train
1.2696051629804508,-1.7518666075747429,-0.839994651108326,-0.9434553689119929,-0.7196673863344129,0.0,-1.1014008822568295,0.7096921547508896,1.0,0.0,0.0,0.0,0.0,0.0,0.0,0.0,0.0,0.0,0.0,0.0,1.0,0.0,1.0,0.0,0.0,0.0,0.0,0.0,0.0,0.0,1.0,0.0,0.0,0.0,1.0,0.0,0.0,10.2,train
0.07539223058076494,0.4358120772627258,-1.7498788497632785,-0.8446802621877215,-0.7196673863344129,0.0,0.9858634237046191,-1.3416807889086158,0.0,0.0,0.0,1.0,0.0,0.0,0.0,0.0,0.0,0.0,0.0,0.0,0.0,1.0,0.0,1.0,1.0,0.0,0.0,0.0,0.0,0.0,0.0,0.0,0.0,0.0,0.0,0.0,1.0,3.92,test
0.9710519298805294,-1.167810954011233,1.112927531370596,0.9843622312927497,-0.7196673863344129,0.0,-0.43347630434916595,-0.31599431707886305,0.0,0.0,0.0,0.0,1.0,0.0,0.0,0.0,0.0,0.0,0.0,0.0,1.0,0.0,0.0,1.0,0.0,0.0,0.0,0.0,0.0,0.0,0.0,1.0,0.0,0.0,0.0,0.0,1.0,7.73,train
-1.118820701818921,1.3631356522892744,-0.33696924046981586,0.11241646158883795,-0.7196673863344129,1.0,-1.3518725989722034,-0.31599431707886305,0.0,0.0,0.0,0.0,0.0,0.0,0.0,0.0,1.0,0.0,0.0,0.0,0.0,1.0,1.0,0.0,0.0,1.0,0.0,0.0,0.0,0.0,0.0,0.0,0.0,0.0,0.0,0.0,1.0,1.24,test
-1.4173739349188423,-2.077249932994087,0.6838764458259843,-0.14644243879201072,-0.7196673863344129,0.0,0.4014294180354135,-0.31599431707886305,0.0,1.0,0.0,0.0,0.0,0.0,0.0,0.0,0.0,0.0,1.0,0.0,0.0,0.0,1.0,0.0,0.0,0.0,0.0,0.0,0.0,0.0,0.0,0.0,0.0,1.0,0.0,1.0,0.0,16.9,train
1.5681583960803722,-1.4294204271967206,0.5137354981100176,0.4768625450197705,-0.7196673863344129,0.0,0.4014294180354135,1.7353786265806423,0.0,0.0,0.0,0.0,0.0,0.0,1.0,0.0,0.0,0.0,0.0,0.0,0.0,1.0,0.0,1.0,0.0,0.0,0.0,0.0,0.0,0.0,0.0,1.0,0.0,0.0,0.0,0.0,1.0,9.83,train
0.6724986967806079,-0.18703715536141552,1.6899272671030048,0.7425335217264306,2.0743354076697784,0.0,0.4014294180354135,-1.3416807889086158,0.0,0.0,0.0,0.0,0.0,1.0,0.0,0.0,0.0,0.0,0.0,1.0,0.0,0.0,0.0,1.0,0.0,0.0,0.0,0.0,0.0,1.0,0.0,0.0,0.0,0.0,0.0,0.0,1.0,5.97,train
1.2696051629804508,-1.3209496251756148,-1.0175330313336826,-1.3010893760171132,-0.7196673863344129,0.0,-0.8509291655414557,0.7096921547508896,0.0,0.0,0.0,0.0,0.0,0.0,0.0,1.0,0.0,0.0,0.0,0.0,0.0,1.0,1.0,0.0,0.0,0.0,0.0,0.0,1.0,0.0,0.0,0.0,0.0,0.0,0.0,1.0,0.0,7.57,train
-0.22316100251915655,1.2327962060001063,-0.2482000503571376,-0.39167718652123557,-0.7196673863344129,0.0,-1.1014008822568295,-0.31599431707886305,0.0,0.0,0.0,0.0,0.0,0.0,1.0,0.0,0.0,0.0,0.0,0.0,0.0,1.0,0.0,1.0,0.0,0.0,0.0,0.0,0.0,1.0,0.0,0.0,0.0,0.0,1.0,0.0,0.0,3.99,train
-1.4173739349188423,0.6779665996299508,-1.126028708138067,-1.4986395894656555,2.0743354076697784,0.0,0.7353917069892453,-2.3673672607383685,0.0,0.0,1.0,0.0,0.0,0.0,0.0,0.0,0.0,0.0,0.0,0.0,0.0,1.0,1.0,0.0,1.0,0.0,0.0,0.0,0.0,0.0,0.0,0.0,0.0,0.0,0.0,0.0,1.0,1.2,test
-1.715927168018764,1.482686179664279,0.2770176578095422,0.8106542849845487,-0.7196673863344129,0.0,-1.1848914544952875,-0.31599431707886305,1.0,0.0,0.0,0.0,0.0,0.0,0.0,0.0,0.0,0.0,0.0,0.0,0.0,1.0,0.0,1.0,0.0,0.0,0.0,0.0,0.0,0.0,1.0,0.0,0.0,0.0,0.0,1.0,0.0,1.2,train
-0.8202674687189995,1.0970186792878962,-0.8695843811458855,-0.6539421250649909,0.6773340106676827,0.0,0.6519011347507874,-2.3673672607383685,0.0,0.0,0.0,0.0,0.0,0.0,0.0,0.0,0.0,1.0,1.0,0.0,0.0,0.0,0.0,1.0,0.0,0.0,0.0,0.0,0.0,0.0,1.0,0.0,0.0,0.0,0.0,1.0,0.0,1.71,train
-1.715927168018764,1.0741612931247357,0.5729149581851364,0.5483893464407943,-0.7196673863344129,0.0,-0.5169668765876239,-0.31599431707886305,0.0,0.0,0.0,0.0,1.0,0.0,0.0,0.0,0.0,0.0,0.0,1.0,0.0,0.0,1.0,0.0,0.0,0.0,0.0,0.0,1.0,0.0,0.0,0.0,0.0,0.0,0.0,0.0,1.0,1.2,train
0.07539223058076494,0.10667734877080166,-0.3838196463626183,-0.17028470593235168,2.0743354076697784,0.0,-0.9344197377799136,-1.3416807889086158,0.0,0.0,0.0,0.0,0.0,0.0,0.0,0.0,1.0,0.0,0.0,0.0,0.0,1.0,0.0,1.0,0.0,1.0,0.0,0.0,0.0,0.0,0.0,0.0,0.0,0.0,0.0,0.0,1.0,3.92,train
-0.521714235619078,0.3042221632826978,-0.9262980303845411,-0.08513375185970402,0.6773340106676827,0.0,-1.769325460164493,-1.3416807889086158,0.0,0.0,0.0,0.0,0.0,1.0,0.0,0.0,0.0,0.0,0.0,0.0,0.0,1.0,0.0,1.0,0.0,0.0,0.0,0.0,1.0,0.0,0.0,0.0,0.0,0.0,0.0,0.0,1.0,1.43,train
-0.8202674687189995,0.6844806638800118,-0.38135383552615504,-1.7711226424981281,-0.7196673863344129,0.0,1.0693539959430771,0.7096921547508896,1.0,0.0,0.0,0.0,0.0,0.0,0.0,0.0,0.0,0.0,0.0,0.0,0.0,1.0,0.0,1.0,0.0,0.0,0.0,0.0,1.0,0.0,0.0,0.0,0.0,0.0,1.0,0.0,0.0,1.68,train
1.2696051629804508,-0.8743872563187507,0.8688122585607306,-0.006794874112868762,-0.7196673863344129,0.0,-1.3518725989722034,0.7096921547508896,0.0,0.0,0.0,0.0,0.0,0.0,0.0,0.0,1.0,0.0,0.0,0.0,0.0,1.0,1.0,0.0,0.0,0.0,0.0,0.0,0.0,0.0,0.0,0.0,1.0,0.0,0.0,0.0,1.0,8.59,train
0.07539223058076494,-0.9103309322699804,-0.9879433012961232,-0.45298587345354224,-0.7196673863344129,0.0,-0.349985732110708,0.7096921547508896,0.0,0.0,1.0,0.0,0.0,0.0,0.0,0.0,0.0,0.0,0.0,1.0,0.0,0.0,1.0,0.0,0.0,0.0,0.0,0.0,1.0,0.0,0.0,0.0,0.0,0.0,1.0,0.0,0.0,6.45,train
-0.521714235619078,-0.8266659195582587,-0.2284735636654313,-0.37464699570670607,-0.7196673863344129,0.0,0.5684105625123294,-1.3416807889086158,0.0,1.0,0.0,0.0,0.0,0.0,0.0,0.0,0.0,0.0,0.0,0.0,0.0,1.0,0.0,1.0,1.0,0.0,0.0,0.0,0.0,0.0,0.0,0.0,0.0,0.0,0.0,1.0,0.0,2.94,train
0.37394546368068643,-0.8454229349211577,0.8466199610325611,0.4462082015536171,-0.7196673863344129,0.0,0.4014294180354135,0.7096921547508896,0.0,0.0,0.0,0.0,0.0,0.0,0.0,1.0,0.0,0.0,0.0,1.0,0.0,0.0,0.0,1.0,1.0,0.0,0.0,0.0,0.0,0.0,0.0,0.0,0.0,0.0,0.0,1.0,0.0,6.56,train
0.37394546368068643,-1.002836460749642,0.3263338745388079,-0.3065262324485879,0.6773340106676827,1.0,0.23444827355849762,-0.31599431707886305,0.0,0.0,0.0,1.0,0.0,0.0,0.0,0.0,0.0,0.0,1.0,0.0,0.0,0.0,1.0,0.0,0.0,0.0,0.0,0.0,1.0,0.0,0.0,0.0,0.0,0.0,0.0,1.0,0.0,5.02,test
1.5681583960803722,-1.769082348807047,1.1721069914457147,0.6471644531650658,-0.7196673863344129,0.0,-0.2664951598722501,-0.31599431707886305,0.0,0.0,0.0,0.0,0.0,1.0,0.0,0.0,0.0,0.0,0.0,0.0,0.0,1.0,0.0,1.0,0.0,1.0,0.0,0.0,0.0,0.0,0.0,0.0,0.0,0.0,0.0,0.0,1.0,9.36,train
0.37394546368068643,-0.423782677949572,0.7701798251021993,-1.151223696849253,0.6773340106676827,0.0,1.7372785738507406,-0.31599431707886305,0.0,1.0,0.0,0.0,0.0,0.0,0.0,0.0,0.0,0.0,0.0,0.0,0.0,1.0,1.0,0.0,0.0,0.0,0.0,0.0,1.0,0.0,0.0,0.0,0.0,0.0,0.0,1.0,0.0,5.11,test
1.2696051629804508,-0.7789155021537933,0.5630517148392833,1.4509894596108595,0.6773340106676827,0.0,-1.3518725989722034,-0.31599431707886305,0.0,1.0,0.0,0.0,0.0,0.0,0.0,0.0,0.0,0.0,0.0,0.0,1.0,0.0,1.0,0.0,1.0,0.0,0.0,0.0,0.0,0.0,0.0,0.0,0.0,0.0,0.0,0.0,1.0,9.76,test
0.6724986967806079,-0.3216805369586596,0.2203040085708866,0.8719629719168553,2.0743354076697784,0.0,1.0693539959430771,-2.3673672607383685,0.0,0.0,0.0,1.0,0.0,0.0,0.0,0.0,0.0,0.0,0.0,0.0,0.0,1.0,0.0,1.0,0.0,0.0,0.0,0.0,0.0,0.0,0.0,0.0,0.0,1.0,0.0,1.0,0.0,5.95,train
1.2696051629804508,-1.4602168291646433,-1.781934390637301,-0.03744921757902211,-0.7196673863344129,0.0,-0.349985732110708,-1.3416807889086158,0.0,0.0,0.0,0.0,0.0,0.0,0.0,0.0,0.0,1.0,0.0,0.0,1.0,0.0,0.0,1.0,0.0,0.0,0.0,0.0,0.0,0.0,0.0,1.0,0.0,0.0,0.0,0.0,1.0,8.89,train
0.9710519298805294,-1.105869182347706,0.6049704990591591,1.0831373380170213,-0.7196673863344129,0.0,-0.349985732110708,0.7096921547508896,0.0,0.0,0.0,0.0,0.0,0.0,0.0,0.0,0.0,1.0,0.0,0.0,0.0,1.0,1.0,0.0,1.0,0.0,0.0,0.0,0.0,0.0,0.0,0.0,0.0,0.0,0.0,0.0,1.0,6.97,test
-0.521714235619078,0.5573691690719008,-1.392336278476102,-0.6198817434359318,0.6773340106676827,0.0,1.403316284896909,0.7096921547508896,0.0,0.0,0.0,0.0,1.0,0.0,0.0,0.0,0.0,0.0,0.0,0.0,0.0,1.0,0.0,1.0,0.0,0.0,0.0,0.0,0.0,0.0,0.0,0.0,1.0,0.0,0.0,1.0,0.0,3.36,train
0.6724986967806079,-0.16903623674182716,1.2312864515208337,1.69963024550299,0.6773340106676827,0.0,-1.6858348879260352,-0.31599431707886305,0.0,0.0,1.0,0.0,0.0,0.0,0.0,0.0,0.0,0.0,0.0,0.0,0.0,1.0,0.0,1.0,0.0,0.0,0.0,0.0,0.0,1.0,0.0,0.0,0.0,0.0,0.0,0.0,1.0,6.99,train
0.07539223058076494,-0.4485012253270358,-0.20381545530079848,0.39511762911002857,-0.7196673863344129,0.0,0.6519011347507874,0.7096921547508896,0.0,0.0,0.0,0.0,0.0,0.0,0.0,0.0,0.0,1.0,0.0,0.0,0.0,1.0,0.0,1.0,0.0,0.0,0.0,0.0,0.0,0.0,0.0,1.0,0.0,0.0,0.0,1.0,0.0,4.85,train
0.37394546368068643,-0.23403147602257027,-0.4282042414189574,0.4291780107390876,-0.7196673863344129,0.0,-0.5169668765876239,0.7096921547508896,0.0,0.0,0.0,0.0,0.0,0.0,0.0,1.0,0.0,0.0,0.0,1.0,0.0,0.0,0.0,1.0,0.0,1.0,0.0,0.0,0.0,0.0,0.0,0.0,0.0,0.0,1.0,0.0,0.0,6.23,train
-0.8202674687189995,0.30550171161753126,-1.6537122271412104,-2.0504177718564125,0.6773340106676827,0.0,0.6519011347507874,0.7096921547508896,0.0,0.0,0.0,1.0,0.0,0.0,0.0,0.0,0.0,0.0,0.0,0.0,0.0,1.0,0.0,1.0,0.0,1.0,0.0,0.0,0.0,0.0,0.0,0.0,0.0,0.0,0.0,0.0,1.0,1.95,train
0.9710519298805294,0.02193635223206098,0.23756468442612963,0.9264595825233497,-0.7196673863344129,0.0,0.7353917069892453,0.7096921547508896,0.0,0.0,0.0,1.0,0.0,0.0,0.0,0.0,0.0,0.0,1.0,0.0,0.0,0.0,0.0,1.0,0.0,0.0,0.0,0.0,1.0,0.0,0.0,0.0,0.0,0.0,1.0,0.0,0.0,8.42,train
-1.118820701818921,0.19633297414106163,-1.3183619533822035,-0.6403179724133671,2.0743354076697784,1.0,-0.349985732110708,-0.31599431707886305,0.0,0.0,0.0,0.0,0.0,0.0,0.0,0.0,1.0,0.0,0.0,1.0,0.0,0.0,0.0,1.0,0.0,0.0,0.0,0.0,0.0,0.0,1.0,0.0,0.0,0.0,0.0,1.0,0.0,2.33,test
1.5681583960803722,2.840286962922539,1.6702007804112984,2.067482367096828,-0.7196673863344129,0.0,1.6537880016122828,-0.31599431707886305,0.0,0.0,0.0,0.0,0.0,0.0,0.0,0.0,1.0,0.0,0.0,1.0,0.0,0.0,0.0,1.0,0.0,0.0,0.0,0.0,0.0,0.0,0.0,0.0,0.0,1.0,0.0,0.0,1.0,12.8,train
-0.22316100251915655,0.19993897399377397,0.16605617016869434,-0.9196131017716515,0.6773340106676827,1.0,-1.769325460164493,-0.31599431707886305,0.0,0.0,0.0,0.0,0.0,0.0,0.0,0.0,0.0,1.0,0.0,0.0,0.0,1.0,0.0,1.0,0.0,1.0,0.0,0.0,0.0,0.0,0.0,0.0,0.0,0.0,0.0,1.0,0.0,3.12,test
1.2696051629804508,-1.958019292702791,0.9107310427806066,1.2738754751397516,-0.7196673863344129,0.0,-1.5188537434491192,0.7096921547508896,0.0,0.0,0.0,0.0,0.0,0.0,0.0,0.0,1.0,0.0,1.0,0.0,0.0,0.0,0.0,1.0,0.0,0.0,0.0,0.0,0.0,0.0,0.0,0.0,1.0,0.0,0.0,0.0,1.0,9.3,train
0.6724986967806079,0.20680200597151688,-0.433135863091884,-1.2874652233654893,-0.7196673863344129,0.0,1.319825712658451,-0.31599431707886305,0.0,0.0,0.0,0.0,0.0,0.0,0.0,1.0,0.0,0.0,0.0,0.0,0.0,1.0,0.0,1.0,0.0,0.0,0.0,0.0,0.0,0.0,0.0,1.0,0.0,0.0,0.0,1.0,0.0,6.14,train
-1.715927168018764,1.1136237269967573,-1.3800072242937855,-1.0490425519620759,-0.7196673863344129,0.0,-1.4353631712106614,-1.3416807889086158,0.0,0.0,0.0,0.0,1.0,0.0,0.0,0.0,0.0,0.0,0.0,1.0,0.0,0.0,0.0,1.0,0.0,0.0,0.0,0.0,0.0,0.0,0.0,1.0,0.0,0.0,0.0,0.0,1.0,1.2,train
0.07539223058076494,0.25554116527108084,-0.4035461330543246,-0.08172771369679831,0.6773340106676827,0.0,-0.349985732110708,-0.31599431707886305,0.0,0.0,0.0,0.0,0.0,0.0,0.0,0.0,1.0,0.0,0.0,0.0,0.0,1.0,1.0,0.0,0.0,0.0,1.0,0.0,0.0,0.0,0.0,0.0,0.0,0.0,1.0,0.0,0.0,4.83,train
-1.715927168018764,0.8487863023302126,0.6444234724425717,-1.8188071767788103,0.6773340106676827,0.0,1.319825712658451,-1.3416807889086158,1.0,0.0,0.0,0.0,0.0,0.0,0.0,0.0,0.0,0.0,0.0,1.0,0.0,0.0,1.0,0.0,0.0,0.0,0.0,0.0,1.0,0.0,0.0,0.0,0.0,0.0,0.0,0.0,1.0,1.2,train
-0.22316100251915655,-0.02087035569691166,-0.8079391102343034,-0.12600620981457547,0.6773340106676827,0.0,0.9858634237046191,-0.31599431707886305,0.0,1.0,0.0,0.0,0.0,0.0,0.0,0.0,0.0,0.0,0.0,1.0,0.0,0.0,0.0,1.0,0.0,0.0,0.0,0.0,0.0,0.0,0.0,0.0,1.0,0.0,0.0,1.0,0.0,5.3,train
-1.715927168018764,0.909681170810694,0.5827782015309896,0.9571139259895031,-0.7196673863344129,0.0,1.0693539959430771,-0.31599431707886305,0.0,0.0,0.0,0.0,0.0,0.0,0.0,0.0,0.0,1.0,0.0,0.0,0.0,1.0,1.0,0.0,0.0,0.0,0.0,0.0,0.0,0.0,0.0,0.0,0.0,1.0,1.0,0.0,0.0,1.2,train
-1.118820701818921,1.705909202804764,0.6419576616061085,0.08176211812268461,-0.7196673863344129,0.0,0.8188822792277033,-1.3416807889086158,0.0,0.0,0.0,0.0,0.0,0.0,1.0,0.0,0.0,0.0,0.0,0.0,0.0,1.0,0.0,1.0,0.0,0.0,0.0,0.0,0.0,0.0,1.0,0.0,0.0,0.0,0.0,0.0,1.0,1.82,train
-0.521714235619078,0.29154300251025755,0.3608552262492939,0.9366776970120678,3.471336804671874,0.0,1.152844568181535,-0.31599431707886305,0.0,1.0,0.0,0.0,0.0,0.0,0.0,0.0,0.0,0.0,1.0,0.0,0.0,0.0,0.0,1.0,0.0,0.0,0.0,0.0,0.0,1.0,0.0,0.0,0.0,0.0,1.0,0.0,0.0,3.37,test
1.5681583960803722,-1.6795139653687077,-0.9262980303845411,-0.06469752288226878,-0.7196673863344129,0.0,1.319825712658451,-1.3416807889086158,1.0,0.0,0.0,0.0,0.0,0.0,0.0,0.0,0.0,0.0,0.0,1.0,0.0,0.0,0.0,1.0,0.0,0.0,1.0,0.0,0.0,0.0,0.0,0.0,0.0,0.0,0.0,1.0,0.0,7.95,train
1.2696051629804508,-1.1160764883824,0.20057752187918035,0.5994799188843829,-0.7196673863344129,0.0,0.7353917069892453,-1.3416807889086158,1.0,0.0,0.0,0.0,0.0,0.0,0.0,0.0,0.0,0.0,0.0,0.0,0.0,1.0,1.0,0.0,0.0,0.0,0.0,0.0,0.0,0.0,0.0,0.0,1.0,0.0,0.0,0.0,1.0,8.03,train
0.9710519298805294,-0.17188613985122886,0.5581200931663567,0.4768625450197705,0.6773340106676827,0.0,0.15095770132003966,-0.31599431707886305,0.0,0.0,0.0,1.0,0.0,0.0,0.0,0.0,0.0,0.0,0.0,1.0,0.0,0.0,0.0,1.0,0.0,0.0,0.0,0.0,0.0,0.0,0.0,0.0,0.0,1.0,0.0,1.0,0.0,7.09,train
-1.715927168018764,0.8716436884933733,-1.0052039771513661,-0.6709723158795204,0.6773340106676827,0.0,-1.2683820267337453,1.7353786265806423,0.0,0.0,0.0,0.0,0.0,0.0,0.0,1.0,0.0,0.0,0.0,0.0,0.0,1.0,0.0,1.0,1.0,0.0,0.0,0.0,0.0,0.0,0.0,0.0,0.0,0.0,0.0,0.0,1.0,1.2,train
-1.715927168018764,2.3039526461195208,-0.33696924046981586,-0.5926334381326842,0.6773340106676827,0.0,1.403316284896909,-1.3416807889086158,0.0,0.0,0.0,1.0,0.0,0.0,0.0,0.0,0.0,0.0,0.0,0.0,0.0,1.0,1.0,0.0,0.0,0.0,0.0,0.0,0.0,0.0,0.0,1.0,0.0,0.0,0.0,1.0,0.0,1.2,train
-0.22316100251915655,1.5514619026615752,0.010710087471507363,0.5109229266488295,-0.7196673863344129,0.0,-1.5188537434491192,0.7096921547508896,0.0,1.0,0.0,0.0,0.0,0.0,0.0,0.0,0.0,0.0,0.0,1.0,0.0,0.0,1.0,0.0,0.0,0.0,0.0,1.0,0.0,0.0,0.0,0.0,0.0,0.0,0.0,1.0,0.0,3.68,train
0.07539223058076494,-0.02936190373716982,-0.13970437355275306,-1.8494615202449638,0.6773340106676827,0.0,1.6537880016122828,1.7353786265806423,1.0,0.0,0.0,0.0,0.0,0.0,0.0,0.0,0.0,0.0,0.0,1.0,0.0,0.0,0.0,1.0,1.0,0.0,0.0,0.0,0.0,0.0,0.0,0.0,0.0,0.0,0.0,0.0,1.0,5.57,train
